version,fork,shape,size,round,operations,ns_per_op,bytes_per_op,expected,min_count,max_count,errors,semantic_match
current,4,array_named,4096,1,2,230000.000,461316.000,4096,4096,4096,0,true
current,4,array_named,1024,1,8,57712.500,104728.000,1024,1024,1024,0,true
current,4,geometric_cast,1,1,2048,2773.242,1296.000,1,1,1,0,true
current,4,array_named,8192,1,2,482000.000,979308.000,8192,8192,8192,0,true
current,4,bare_concat,256,1,32,32656.250,11081.250,256,256,256,0,true
current,4,array_positional,256,1,32,5137.500,4264.000,256,256,256,0,true
current,4,join_mybatis,4,1,2048,12927.490,6784.000,4,4,4,0,true
current,4,join_positional,4,1,2048,12150.000,4056.000,4,4,4,0,true
current,4,deep_unary,1024,1,8,289512.500,145608.000,1,1,1,0,true
current,4,where_positional,16,1,2048,16476.758,5728.000,16,16,16,0,true
current,4,json_constructor,1,1,2048,3498.828,1384.000,1,1,1,0,true
current,4,no_parameters,0,1,2048,3044.727,1232.000,0,0,0,0,true
current,4,array_mybatis,8192,1,2,845700.000,2158956.000,8192,8192,8192,0,true
current,4,join_named,4,1,2048,6305.518,4448.020,4,4,4,0,true
current,4,deep_unary,4096,1,2,829100.000,576872.000,1,1,1,0,true
current,4,quoted_and_comments,2,1,2048,2769.336,1592.000,2,2,2,0,true
current,4,array_mybatis,1024,1,8,110000.000,280920.000,1024,1024,1024,0,true
current,4,json_operator,1,1,2048,2488.184,1528.000,1,1,1,0,true
current,4,where_named,16,1,2048,8446.924,9680.000,16,16,16,0,true
current,4,where_positional,128,1,2048,57893.799,39992.000,128,128,128,0,true
current,4,deep_unary,256,1,32,36259.375,37768.000,1,1,1,0,true
current,4,jdbc_escape,1,1,2048,1875.684,1576.000,1,1,1,0,true
current,4,array_positional,1024,1,8,13450.000,15016.000,1024,1024,1024,0,true
current,4,where_positional,2,1,2048,1410.107,1672.000,2,2,2,0,true
current,4,array_named,256,1,32,23778.125,26488.000,256,256,256,0,true
current,4,where_mybatis,2,1,2048,2127.393,3024.000,2,2,2,0,true
current,4,array_positional,8192,1,2,78150.000,205588.000,8192,8192,8192,0,true
current,4,bare_concat,8192,1,2,389200.000,450808.000,8192,8192,8192,0,true
current,4,array_mybatis,4096,1,2,371450.000,1045932.000,4096,4096,4096,0,true
current,4,bare_concat,1024,1,8,55337.500,46488.000,1024,1024,1024,0,true
current,4,bare_concat,4096,1,2,191150.000,158120.000,4096,4096,4096,0,true
current,4,where_mybatis,16,1,2048,11026.611,18040.000,16,16,16,0,true
current,4,array_mybatis,256,1,32,25784.375,58232.000,256,256,256,0,true
current,4,array_positional,4096,1,2,34550.000,58024.000,4096,4096,4096,0,true
current,4,where_named,2,1,2048,1376.416,2080.000,2,2,2,0,true
current,4,deep_unary,8192,1,2,948950.000,1192868.000,1,1,1,0,true
current,4,where_mybatis,2,2,2048,2060.645,3032.020,2,2,2,0,true
current,4,json_constructor,1,2,2048,1366.309,1384.000,1,1,1,0,true
current,4,where_positional,128,2,2048,42660.791,39992.000,128,128,128,0,true
current,4,join_mybatis,4,2,2048,4482.764,6688.000,4,4,4,0,true
current,4,no_parameters,0,2,2048,1064.795,1232.000,0,0,0,0,true
current,4,where_positional,2,2,2048,1411.621,1672.000,2,2,2,0,true
current,4,array_positional,256,2,32,5781.250,4264.000,256,256,256,0,true
current,4,jdbc_escape,1,2,2048,1572.461,1576.000,1,1,1,0,true
current,4,array_named,8192,2,2,496900.000,979308.000,8192,8192,8192,0,true
current,4,quoted_and_comments,2,2,2048,1931.738,1600.020,2,2,2,0,true
current,4,bare_concat,256,2,32,12262.500,10568.000,256,256,256,0,true
current,4,array_named,4096,2,2,189950.000,453104.000,4096,4096,4096,0,true
current,4,join_positional,4,2,2048,3794.043,4056.000,4,4,4,0,true
current,4,array_positional,4096,2,2,29900.000,58024.000,4096,4096,4096,0,true
current,4,where_named,2,2,2048,1316.748,2080.000,2,2,2,0,true
current,4,array_positional,1024,2,8,8387.500,15016.000,1024,1024,1024,0,true
current,4,array_named,1024,2,8,50575.000,104728.000,1024,1024,1024,0,true
current,4,bare_concat,4096,2,2,197350.000,158120.000,4096,4096,4096,0,true
current,4,where_positional,16,2,2048,6040.088,5728.000,16,16,16,0,true
current,4,array_mybatis,8192,2,2,862100.000,2158956.000,8192,8192,8192,0,true
current,4,array_mybatis,4096,2,2,462450.000,1045932.000,4096,4096,4096,0,true
current,4,where_named,16,2,2048,5726.416,9680.000,16,16,16,0,true
current,4,join_named,4,2,2048,3403.174,4440.000,4,4,4,0,true
current,4,where_mybatis,16,2,2048,10561.426,18040.000,16,16,16,0,true
current,4,deep_unary,8192,2,2,865700.000,1192868.000,1,1,1,0,true
current,4,deep_unary,4096,2,2,417500.000,585084.000,1,1,1,0,true
current,4,geometric_cast,1,2,2048,1101.855,1296.000,1,1,1,0,true
current,4,deep_unary,1024,2,8,106175.000,145608.000,1,1,1,0,true
current,4,array_positional,8192,2,2,83100.000,205588.000,8192,8192,8192,0,true
current,4,bare_concat,8192,2,2,413850.000,450808.000,8192,8192,8192,0,true
current,4,deep_unary,256,2,32,29059.375,38281.250,1,1,1,0,true
current,4,json_operator,1,2,2048,1538.721,1528.000,1,1,1,0,true
current,4,array_mybatis,256,2,32,25268.750,58232.000,256,256,256,0,true
current,4,bare_concat,1024,2,8,54012.500,46488.000,1024,1024,1024,0,true
current,4,array_named,256,2,32,11431.250,26488.000,256,256,256,0,true
current,4,array_mybatis,1024,2,8,94337.500,280920.000,1024,1024,1024,0,true
current,4,deep_unary,256,3,32,27543.750,37768.000,1,1,1,0,true
current,4,where_named,2,3,2048,1313.135,2080.000,2,2,2,0,true
current,4,deep_unary,8192,3,2,855400.000,1192868.000,1,1,1,0,true
current,4,where_named,16,3,2048,7284.912,9688.020,16,16,16,0,true
current,4,bare_concat,8192,3,2,415350.000,442596.000,8192,8192,8192,0,true
current,4,array_positional,4096,3,2,37350.000,66236.000,4096,4096,4096,0,true
current,4,quoted_and_comments,2,3,2048,1735.107,1592.000,2,2,2,0,true
current,4,where_mybatis,16,3,2048,10986.865,18040.000,16,16,16,0,true
current,4,array_named,256,3,32,11646.875,26488.000,256,256,256,0,true
current,4,where_positional,128,3,2048,41373.389,39992.000,128,128,128,0,true
current,4,where_positional,2,3,2048,1413.232,1672.000,2,2,2,0,true
current,4,jdbc_escape,1,3,2048,1513.770,1576.000,1,1,1,0,true
current,4,bare_concat,4096,3,2,204450.000,158120.000,4096,4096,4096,0,true
current,4,json_constructor,1,3,2048,1323.389,1384.000,1,1,1,0,true
current,4,array_named,8192,3,2,431350.000,979308.000,8192,8192,8192,0,true
current,4,array_positional,1024,3,8,10512.500,17069.000,1024,1024,1024,0,true
current,4,where_mybatis,2,3,2048,1928.369,3024.000,2,2,2,0,true
current,4,json_operator,1,3,2048,1728.955,1528.000,1,1,1,0,true
current,4,geometric_cast,1,3,2048,1103.760,1296.000,1,1,1,0,true
current,4,array_mybatis,4096,3,2,367550.000,1037720.000,4096,4096,4096,0,true
current,4,array_mybatis,256,3,32,24959.375,58232.000,256,256,256,0,true
current,4,no_parameters,0,3,2048,1039.941,1232.000,0,0,0,0,true
current,4,deep_unary,1024,3,8,107387.500,145608.000,1,1,1,0,true
current,4,array_positional,256,3,32,3415.625,4264.000,256,256,256,0,true
current,4,array_mybatis,8192,3,2,757400.000,2158956.000,8192,8192,8192,0,true
current,4,array_named,4096,3,2,194700.000,461316.000,4096,4096,4096,0,true
current,4,bare_concat,1024,3,8,48675.000,46488.000,1024,1024,1024,0,true
current,4,array_positional,8192,3,2,61950.000,205588.000,8192,8192,8192,0,true
current,4,array_mybatis,1024,3,8,98700.000,282973.000,1024,1024,1024,0,true
current,4,array_named,1024,3,8,44587.500,104728.000,1024,1024,1024,0,true
current,4,join_positional,4,3,2048,3766.211,4056.000,4,4,4,0,true
current,4,join_mybatis,4,3,2048,4956.201,6688.000,4,4,4,0,true
current,4,bare_concat,256,3,32,14921.875,10568.000,256,256,256,0,true
current,4,join_named,4,3,2048,3318.750,4440.000,4,4,4,0,true
current,4,where_positional,16,3,2048,7218.213,5728.000,16,16,16,0,true
current,4,deep_unary,4096,3,2,418100.000,576872.000,1,1,1,0,true
current,4,array_named,256,4,32,11937.500,26488.000,256,256,256,0,true
current,4,where_positional,128,4,2048,41398.291,39992.000,128,128,128,0,true
current,4,array_mybatis,1024,4,8,104612.500,280920.000,1024,1024,1024,0,true
current,4,where_mybatis,16,4,2048,10415.918,18040.000,16,16,16,0,true
current,4,where_positional,2,4,2048,1425.732,1672.000,2,2,2,0,true
current,4,deep_unary,1024,4,8,110162.500,145608.000,1,1,1,0,true
current,4,join_positional,4,4,2048,3809.668,4056.000,4,4,4,0,true
current,4,where_positional,16,4,2048,6225.195,5728.000,16,16,16,0,true
current,4,array_named,8192,4,2,554700.000,979308.000,8192,8192,8192,0,true
current,4,join_named,4,4,2048,3622.021,4448.020,4,4,4,0,true
current,4,json_operator,1,4,2048,1540.869,1528.000,1,1,1,0,true
current,4,deep_unary,4096,4,2,484200.000,576872.000,1,1,1,0,true
current,4,json_constructor,1,4,2048,1664.014,1384.000,1,1,1,0,true
current,4,array_positional,1024,4,8,10525.000,15016.000,1024,1024,1024,0,true
current,4,array_mybatis,8192,4,2,851750.000,2158956.000,8192,8192,8192,0,true
current,4,join_mybatis,4,4,2048,4978.564,6696.020,4,4,4,0,true
current,4,array_mybatis,256,4,32,27459.375,58232.000,256,256,256,0,true
current,4,bare_concat,256,4,32,14975.000,10568.000,256,256,256,0,true
current,4,quoted_and_comments,2,4,2048,1700.977,1592.000,2,2,2,0,true
current,4,deep_unary,8192,4,2,848100.000,1192868.000,1,1,1,0,true
current,4,deep_unary,256,4,32,28018.750,38281.250,1,1,1,0,true
current,4,array_positional,256,4,32,5659.375,4264.000,256,256,256,0,true
current,4,geometric_cast,1,4,2048,1165.430,1296.000,1,1,1,0,true
current,4,array_positional,8192,4,2,83100.000,205588.000,8192,8192,8192,0,true
current,4,where_named,2,4,2048,1393.359,2088.020,2,2,2,0,true
current,4,array_positional,4096,4,2,29700.000,58024.000,4096,4096,4096,0,true
current,4,bare_concat,4096,4,2,190850.000,158120.000,4096,4096,4096,0,true
current,4,bare_concat,8192,4,2,372500.000,442596.000,8192,8192,8192,0,true
current,4,no_parameters,0,4,2048,1051.172,1240.020,0,0,0,0,true
current,4,bare_concat,1024,4,8,48425.000,46488.000,1024,1024,1024,0,true
current,4,array_named,4096,4,2,194100.000,453104.000,4096,4096,4096,0,true
current,4,jdbc_escape,1,4,2048,1489.355,1576.000,1,1,1,0,true
current,4,array_mybatis,4096,4,2,411550.000,1037720.000,4096,4096,4096,0,true
current,4,array_named,1024,4,8,46112.500,104728.000,1024,1024,1024,0,true
current,4,where_named,16,4,2048,5897.412,9680.000,16,16,16,0,true
current,4,where_mybatis,2,4,2048,1937.891,3024.000,2,2,2,0,true
current,4,array_positional,256,5,32,3568.750,4264.000,256,256,256,0,true
current,4,where_mybatis,16,5,2048,10569.482,18040.000,16,16,16,0,true
current,4,array_mybatis,1024,5,8,94487.500,280920.000,1024,1024,1024,0,true
current,4,array_positional,1024,5,8,11537.500,15016.000,1024,1024,1024,0,true
current,4,join_positional,4,5,2048,3799.512,4056.000,4,4,4,0,true
current,4,array_positional,8192,5,2,60200.000,205588.000,8192,8192,8192,0,true
current,4,deep_unary,4096,5,2,423000.000,585084.000,1,1,1,0,true
current,4,bare_concat,4096,5,2,193700.000,158120.000,4096,4096,4096,0,true
current,4,geometric_cast,1,5,2048,1100.977,1296.000,1,1,1,0,true
current,4,array_named,8192,5,2,374550.000,979308.000,8192,8192,8192,0,true
current,4,where_positional,2,5,2048,1404.004,1680.020,2,2,2,0,true
current,4,deep_unary,256,5,32,27446.875,37768.000,1,1,1,0,true
current,4,jdbc_escape,1,5,2048,2479.297,1576.000,1,1,1,0,true
current,4,where_mybatis,2,5,2048,2266.748,3024.000,2,2,2,0,true
current,4,array_positional,4096,5,2,30250.000,58024.000,4096,4096,4096,0,true
current,4,where_positional,16,5,2048,5732.813,5728.000,16,16,16,0,true
current,4,array_named,1024,5,8,45562.500,104728.000,1024,1024,1024,0,true
current,4,where_named,2,5,2048,1319.189,2080.000,2,2,2,0,true
current,4,json_constructor,1,5,2048,1310.742,1384.000,1,1,1,0,true
current,4,deep_unary,8192,5,2,844900.000,1192868.000,1,1,1,0,true
current,4,array_mybatis,4096,5,2,368100.000,1045932.000,4096,4096,4096,0,true
current,4,array_named,4096,5,2,187050.000,453104.000,4096,4096,4096,0,true
current,4,array_mybatis,256,5,32,23996.875,58232.000,256,256,256,0,true
current,4,quoted_and_comments,2,5,2048,1700.928,1592.000,2,2,2,0,true
current,4,no_parameters,0,5,2048,1041.797,1232.000,0,0,0,0,true
current,4,array_mybatis,8192,5,2,786550.000,2158956.000,8192,8192,8192,0,true
current,4,array_named,256,5,32,12021.875,27001.250,256,256,256,0,true
current,4,bare_concat,1024,5,8,51112.500,46488.000,1024,1024,1024,0,true
current,4,join_named,4,5,2048,3591.211,4440.000,4,4,4,0,true
current,4,where_positional,128,5,2048,42950.586,39992.000,128,128,128,0,true
current,4,join_mybatis,4,5,2048,4704.932,6688.000,4,4,4,0,true
current,4,json_operator,1,5,2048,1529.395,1528.000,1,1,1,0,true
current,4,deep_unary,1024,5,8,207250.000,145608.000,1,1,1,0,true
current,4,where_named,16,5,2048,5484.521,9680.000,16,16,16,0,true
current,4,bare_concat,8192,5,2,388550.000,442596.000,8192,8192,8192,0,true
current,4,bare_concat,256,5,32,13753.125,11081.250,256,256,256,0,true
current,4,json_constructor,1,6,2048,1320.459,1384.000,1,1,1,0,true
current,4,where_positional,16,6,2048,6126.025,5728.000,16,16,16,0,true
current,4,bare_concat,1024,6,8,60487.500,46488.000,1024,1024,1024,0,true
current,4,where_positional,2,6,2048,1474.268,1672.000,2,2,2,0,true
current,4,array_positional,1024,6,8,9100.000,15016.000,1024,1024,1024,0,true
current,4,where_mybatis,2,6,2048,1955.518,3024.000,2,2,2,0,true
current,4,bare_concat,256,6,32,14615.625,10568.000,256,256,256,0,true
current,4,join_named,4,6,2048,3526.514,4440.000,4,4,4,0,true
current,4,join_positional,4,6,2048,3854.150,4056.000,4,4,4,0,true
current,4,array_positional,8192,6,2,90900.000,205588.000,8192,8192,8192,0,true
current,4,deep_unary,256,6,32,31612.500,38281.250,1,1,1,0,true
current,4,where_named,2,6,2048,1339.453,2080.000,2,2,2,0,true
current,4,array_named,256,6,32,12696.875,26488.000,256,256,256,0,true
current,4,where_positional,128,6,2048,41133.838,39992.000,128,128,128,0,true
current,4,no_parameters,0,6,2048,1066.797,1232.000,0,0,0,0,true
current,4,geometric_cast,1,6,2048,1138.086,1296.000,1,1,1,0,true
current,4,deep_unary,8192,6,2,898000.000,1192868.000,1,1,1,0,true
current,4,bare_concat,4096,6,2,283050.000,166332.000,4096,4096,4096,0,true
current,4,join_mybatis,4,6,2048,4990.234,6688.000,4,4,4,0,true
current,4,array_positional,256,6,32,5353.125,4264.000,256,256,256,0,true
current,4,json_operator,1,6,2048,1564.648,1528.000,1,1,1,0,true
current,4,array_mybatis,256,6,32,24087.500,58232.000,256,256,256,0,true
current,4,deep_unary,4096,6,2,425450.000,576872.000,1,1,1,0,true
current,4,array_mybatis,1024,6,8,135562.500,280920.000,1024,1024,1024,0,true
current,4,array_positional,4096,6,2,43200.000,58024.000,4096,4096,4096,0,true
current,4,bare_concat,8192,6,2,426650.000,442596.000,8192,8192,8192,0,true
current,4,array_mybatis,4096,6,2,422500.000,1045932.000,4096,4096,4096,0,true
current,4,quoted_and_comments,2,6,2048,1721.924,1592.000,2,2,2,0,true
current,4,where_mybatis,16,6,2048,10784.375,18040.000,16,16,16,0,true
current,4,where_named,16,6,2048,5787.256,9680.000,16,16,16,0,true
current,4,deep_unary,1024,6,8,110137.500,145608.000,1,1,1,0,true
current,4,array_mybatis,8192,6,2,780850.000,2158956.000,8192,8192,8192,0,true
current,4,array_named,4096,6,2,207950.000,461316.000,4096,4096,4096,0,true
current,4,array_named,1024,6,8,48150.000,104728.000,1024,1024,1024,0,true
current,4,array_named,8192,6,2,419450.000,979308.000,8192,8192,8192,0,true
current,4,jdbc_escape,1,6,2048,1711.377,1584.020,1,1,1,0,true
current,4,array_positional,8192,7,2,61800.000,205588.000,8192,8192,8192,0,true
current,4,deep_unary,4096,7,2,431900.000,585084.000,1,1,1,0,true
current,4,array_mybatis,1024,7,8,97587.500,280920.000,1024,1024,1024,0,true
current,4,array_mybatis,8192,7,2,764250.000,2158956.000,8192,8192,8192,0,true
current,4,where_named,16,7,2048,5636.768,9688.020,16,16,16,0,true
current,4,array_positional,1024,7,8,11500.000,15016.000,1024,1024,1024,0,true
current,4,deep_unary,1024,7,8,116575.000,145608.000,1,1,1,0,true
current,4,json_operator,1,7,2048,1521.729,1528.000,1,1,1,0,true
current,4,where_positional,128,7,2048,40915.625,39992.000,128,128,128,0,true
current,4,join_positional,4,7,2048,3787.988,4056.000,4,4,4,0,true
current,4,quoted_and_comments,2,7,2048,1703.809,1592.000,2,2,2,0,true
current,4,array_named,256,7,32,11865.625,26488.000,256,256,256,0,true
current,4,where_positional,2,7,2048,1436.084,1672.000,2,2,2,0,true
current,4,jdbc_escape,1,7,2048,1515.918,1576.000,1,1,1,0,true
current,4,deep_unary,256,7,32,28075.000,37768.000,1,1,1,0,true
current,4,deep_unary,8192,7,2,839100.000,1192868.000,1,1,1,0,true
current,4,json_constructor,1,7,2048,1321.973,1392.020,1,1,1,0,true
current,4,where_positional,16,7,2048,5696.582,5728.000,16,16,16,0,true
current,4,array_positional,256,7,32,2850.000,4264.000,256,256,256,0,true
current,4,array_mybatis,256,7,32,23937.500,58232.000,256,256,256,0,true
current,4,bare_concat,4096,7,2,194500.000,158120.000,4096,4096,4096,0,true
current,4,join_named,4,7,2048,5260.986,4440.000,4,4,4,0,true
current,4,geometric_cast,1,7,2048,1145.166,1296.000,1,1,1,0,true
current,4,no_parameters,0,7,2048,1046.484,1232.000,0,0,0,0,true
current,4,bare_concat,256,7,32,13687.500,10568.000,256,256,256,0,true
current,4,where_named,2,7,2048,1348.389,2080.000,2,2,2,0,true
current,4,where_mybatis,2,7,2048,2079.102,3024.000,2,2,2,0,true
current,4,bare_concat,1024,7,8,51537.500,46488.000,1024,1024,1024,0,true
current,4,array_positional,4096,7,2,32650.000,58024.000,4096,4096,4096,0,true
current,4,array_mybatis,4096,7,2,373950.000,1037720.000,4096,4096,4096,0,true
current,4,array_named,1024,7,8,54337.500,104728.000,1024,1024,1024,0,true
current,4,array_named,4096,7,2,202050.000,453104.000,4096,4096,4096,0,true
current,4,array_named,8192,7,2,405250.000,979308.000,8192,8192,8192,0,true
current,4,bare_concat,8192,7,2,386150.000,450808.000,8192,8192,8192,0,true
current,4,where_mybatis,16,7,2048,10680.371,18048.020,16,16,16,0,true
current,4,join_mybatis,4,7,2048,4933.496,6688.000,4,4,4,0,true
current,4,where_positional,128,8,2048,40984.912,39992.000,128,128,128,0,true
current,4,array_mybatis,8192,8,2,865200.000,2158956.000,8192,8192,8192,0,true
current,4,json_operator,1,8,2048,1609.326,1536.020,1,1,1,0,true
current,4,where_named,2,8,2048,1550.439,2080.000,2,2,2,0,true
current,4,quoted_and_comments,2,8,2048,1736.963,1592.000,2,2,2,0,true
current,4,array_mybatis,256,8,32,23703.125,58232.000,256,256,256,0,true
current,4,array_positional,4096,8,2,28950.000,58024.000,4096,4096,4096,0,true
current,4,geometric_cast,1,8,2048,1125.635,1296.000,1,1,1,0,true
current,4,array_named,4096,8,2,187350.000,453104.000,4096,4096,4096,0,true
current,4,array_positional,256,8,32,4625.000,4264.000,256,256,256,0,true
current,4,array_positional,8192,8,2,64300.000,205588.000,8192,8192,8192,0,true
current,4,deep_unary,1024,8,8,116862.500,147661.000,1,1,1,0,true
current,4,json_constructor,1,8,2048,1385.059,1384.000,1,1,1,0,true
current,4,no_parameters,0,8,2048,1048.340,1232.000,0,0,0,0,true
current,4,bare_concat,4096,8,2,367250.000,158120.000,4096,4096,4096,0,true
current,4,array_named,256,8,32,12387.500,26488.000,256,256,256,0,true
current,4,bare_concat,8192,8,2,374000.000,442596.000,8192,8192,8192,0,true
current,4,array_positional,1024,8,8,8337.500,17069.000,1024,1024,1024,0,true
current,4,array_mybatis,4096,8,2,364150.000,1037720.000,4096,4096,4096,0,true
current,4,where_mybatis,16,8,2048,10720.605,18040.000,16,16,16,0,true
current,4,join_named,4,8,2048,3548.633,4440.000,4,4,4,0,true
current,4,where_positional,16,8,2048,5721.680,5728.000,16,16,16,0,true
current,4,join_mybatis,4,8,2048,4523.340,6688.000,4,4,4,0,true
current,4,array_named,8192,8,2,434800.000,979308.000,8192,8192,8192,0,true
current,4,array_mybatis,1024,8,8,109025.000,282973.000,1024,1024,1024,0,true
current,4,deep_unary,4096,8,2,460650.000,576872.000,1,1,1,0,true
current,4,array_named,1024,8,8,48437.500,104728.000,1024,1024,1024,0,true
current,4,deep_unary,8192,8,2,850550.000,1192868.000,1,1,1,0,true
current,4,where_positional,2,8,2048,1410.107,1680.020,2,2,2,0,true
current,4,jdbc_escape,1,8,2048,1488.135,1576.000,1,1,1,0,true
current,4,bare_concat,1024,8,8,56187.500,46488.000,1024,1024,1024,0,true
current,4,deep_unary,256,8,32,29231.250,37768.000,1,1,1,0,true
current,4,where_mybatis,2,8,2048,1922.168,3024.000,2,2,2,0,true
current,4,join_positional,4,8,2048,3798.633,4056.000,4,4,4,0,true
current,4,bare_concat,256,8,32,18231.250,10568.000,256,256,256,0,true
current,4,where_named,16,8,2048,5616.943,9680.000,16,16,16,0,true
current,4,json_operator,1,9,2048,1547.656,1528.000,1,1,1,0,true
current,4,where_positional,2,9,2048,1439.307,1672.000,2,2,2,0,true
current,4,where_positional,128,9,2048,41212.354,39992.000,128,128,128,0,true
current,4,quoted_and_comments,2,9,2048,1720.801,1592.000,2,2,2,0,true
current,4,bare_concat,1024,9,8,57950.000,46488.000,1024,1024,1024,0,true
current,4,array_mybatis,1024,9,8,118062.500,280920.000,1024,1024,1024,0,true
current,4,where_named,2,9,2048,1376.416,2080.000,2,2,2,0,true
current,4,bare_concat,8192,9,2,416550.000,442596.000,8192,8192,8192,0,true
current,4,array_positional,256,9,32,4884.375,4777.250,256,256,256,0,true
current,4,deep_unary,256,9,32,41381.250,37768.000,1,1,1,0,true
current,4,join_named,4,9,2048,3734.326,4440.000,4,4,4,0,true
current,4,array_positional,4096,9,2,31100.000,58024.000,4096,4096,4096,0,true
current,4,json_constructor,1,9,2048,1325.635,1384.000,1,1,1,0,true
current,4,deep_unary,1024,9,8,107262.500,145608.000,1,1,1,0,true
current,4,array_mybatis,8192,9,2,844850.000,2158956.000,8192,8192,8192,0,true
current,4,geometric_cast,1,9,2048,2633.936,1304.020,1,1,1,0,true
current,4,deep_unary,8192,9,2,910500.000,1192868.000,1,1,1,0,true
current,4,array_mybatis,4096,9,2,380150.000,1045932.000,4096,4096,4096,0,true
current,4,no_parameters,0,9,2048,1043.262,1232.000,0,0,0,0,true
current,4,where_positional,16,9,2048,5621.387,5728.000,16,16,16,0,true
current,4,join_positional,4,9,2048,3841.260,4056.000,4,4,4,0,true
current,4,array_positional,8192,9,2,67450.000,205588.000,8192,8192,8192,0,true
current,4,bare_concat,256,9,32,13200.000,11081.250,256,256,256,0,true
current,4,array_named,256,9,32,11440.625,26488.000,256,256,256,0,true
current,4,array_mybatis,256,9,32,24656.250,58232.000,256,256,256,0,true
current,4,jdbc_escape,1,9,2048,1465.479,1576.000,1,1,1,0,true
current,4,array_named,8192,9,2,389200.000,979308.000,8192,8192,8192,0,true
current,4,join_mybatis,4,9,2048,4530.273,6696.020,4,4,4,0,true
current,4,bare_concat,4096,9,2,380000.000,158120.000,4096,4096,4096,0,true
current,4,where_mybatis,16,9,2048,10812.256,18040.000,16,16,16,0,true
current,4,where_mybatis,2,9,2048,2022.705,3024.000,2,2,2,0,true
current,4,array_named,1024,9,8,46150.000,104728.000,1024,1024,1024,0,true
current,4,where_named,16,9,2048,5994.092,9680.000,16,16,16,0,true
current,4,array_named,4096,9,2,189850.000,453104.000,4096,4096,4096,0,true
current,4,deep_unary,4096,9,2,446100.000,576872.000,1,1,1,0,true
current,4,array_positional,1024,9,8,9125.000,15016.000,1024,1024,1024,0,true
current,4,cached_positional_same,2,1,1000000,12.721,0.000,2,2,2,0,true
current,4,cached_positional_same,2,2,1000000,18.823,0.000,2,2,2,0,true
current,4,cached_positional_same,2,3,1000000,12.234,0.000,2,2,2,0,true
current,4,cached_positional_same,2,4,1000000,12.191,0.000,2,2,2,0,true
current,4,cached_positional_same,2,5,1000000,12.262,0.000,2,2,2,0,true
current,4,cached_positional_same,2,6,1000000,12.213,0.000,2,2,2,0,true
current,4,cached_positional_same,2,7,1000000,12.354,0.000,2,2,2,0,true
current,4,cached_positional_same,2,8,1000000,12.168,0.000,2,2,2,0,true
current,4,cached_positional_same,2,9,1000000,12.276,0.000,2,2,2,0,true
current,4,cached_positional_equal,2,1,1000000,15.884,0.000,2,2,2,0,true
current,4,cached_positional_equal,2,2,1000000,15.902,0.000,2,2,2,0,true
current,4,cached_positional_equal,2,3,1000000,15.583,0.000,2,2,2,0,true
current,4,cached_positional_equal,2,4,1000000,15.687,0.000,2,2,2,0,true
current,4,cached_positional_equal,2,5,1000000,16.286,0.000,2,2,2,0,true
current,4,cached_positional_equal,2,6,1000000,16.275,0.000,2,2,2,0,true
current,4,cached_positional_equal,2,7,1000000,16.148,0.000,2,2,2,0,true
current,4,cached_positional_equal,2,8,1000000,15.792,0.000,2,2,2,0,true
current,4,cached_positional_equal,2,9,1000000,15.741,0.000,2,2,2,0,true
current,4,cached_named_same,2,1,1000000,11.811,0.000,2,2,2,0,true
current,4,cached_named_same,2,2,1000000,11.751,0.000,2,2,2,0,true
current,4,cached_named_same,2,3,1000000,11.777,0.000,2,2,2,0,true
current,4,cached_named_same,2,4,1000000,11.748,0.000,2,2,2,0,true
current,4,cached_named_same,2,5,1000000,11.692,0.000,2,2,2,0,true
current,4,cached_named_same,2,6,1000000,11.730,0.000,2,2,2,0,true
current,4,cached_named_same,2,7,1000000,11.712,0.000,2,2,2,0,true
current,4,cached_named_same,2,8,1000000,11.686,0.000,2,2,2,0,true
current,4,cached_named_same,2,9,1000000,11.767,0.000,2,2,2,0,true
current,4,cached_named_equal,2,1,1000000,16.170,0.000,2,2,2,0,true
current,4,cached_named_equal,2,2,1000000,15.508,0.000,2,2,2,0,true
current,4,cached_named_equal,2,3,1000000,15.084,0.000,2,2,2,0,true
current,4,cached_named_equal,2,4,1000000,15.098,0.000,2,2,2,0,true
current,4,cached_named_equal,2,5,1000000,15.725,0.000,2,2,2,0,true
current,4,cached_named_equal,2,6,1000000,16.138,0.000,2,2,2,0,true
current,4,cached_named_equal,2,7,1000000,15.860,0.000,2,2,2,0,true
current,4,cached_named_equal,2,8,1000000,15.276,0.000,2,2,2,0,true
current,4,cached_named_equal,2,9,1000000,15.969,0.000,2,2,2,0,true
