version,fork,shape,size,ns,bytes,count,equivalent
baseline,1,array_positional,4096,34650,25144,0,false
baseline,1,array_mybatis,1024,2752900,27681488,1024,true
baseline,1,quoted_and_comments,2,1671.484,1192,2,true
baseline,1,array_named,4096,262650,395776,4096,true
baseline,1,no_parameters,0,1270.898,1248,0,true
baseline,1,where_positional,16,9863.428,5224,16,true
baseline,1,deep_unary,256,55393.750,33048,1,true
baseline,1,array_positional,1024,10650,6712,0,false
baseline,1,array_named,256,15040.625,22776,256,true
baseline,1,json_constructor,1,1456.738,1136,0,false
baseline,1,where_positional,128,74882.764,35904,128,true
baseline,1,array_mybatis,8192,142940200,1814143252,8192,true
baseline,1,geometric_cast,1,1497.705,792,1,true
baseline,1,array_positional,8192,74600,139940,0,false
baseline,1,where_mybatis,2,2521.436,2552,2,true
baseline,1,bare_concat,256,19890.625,3296,1,false
baseline,1,where_positional,2,1638.086,1456,2,true
baseline,1,deep_unary,4096,857400,510648,1,true
baseline,1,array_positional,256,2875,2617.250,0,false
baseline,1,where_named,16,11079.980,7960,16,true
baseline,1,bare_concat,1024,78562.500,11360,1,false
baseline,1,join_positional,4,4957.617,3824,4,true
baseline,1,deep_unary,8192,1709900,1061092,1,true
baseline,1,array_mybatis,4096,36184600,453545112,4096,true
baseline,1,where_named,2,1956.982,1816,2,true
baseline,1,array_mybatis,256,254787.500,1777536,256,true
baseline,1,jdbc_escape,1,1821.826,1176,1,true
baseline,1,bare_concat,8192,602800,127628,1,false
baseline,1,array_named,8192,507200,863844,8192,true
baseline,1,deep_unary,1024,210875,128568,1,true
baseline,1,bare_concat,4096,303400,43616,1,false
baseline,1,array_named,1024,57550,87088,1024,true
baseline,1,join_mybatis,4,6336.279,5800,4,true
baseline,1,json_operator,1,1494.434,1128,1,true
baseline,1,where_mybatis,16,15375.391,14656,16,true
baseline,1,join_named,4,5257.568,3968,4,true
baseline,1,cached_positional_same,2,11.942,0,2,true
baseline,1,cached_positional_equal,2,16.207,0,2,true
baseline,1,cached_named_same,2,11.587,0,2,true
baseline,1,cached_named_equal,2,15.667,0,2,true
baseline,2,array_named,8192,531800,863844,8192,true
baseline,2,where_mybatis,16,15690.088,14656,16,true
baseline,2,deep_unary,8192,1734650,1061092,1,true
baseline,2,bare_concat,256,21893.750,3296,1,false
baseline,2,deep_unary,1024,218450,128568,1,true
baseline,2,where_positional,128,75627.100,35904,128,true
baseline,2,where_positional,16,9816.406,5224,16,true
baseline,2,array_named,256,14706.250,22776,256,true
baseline,2,quoted_and_comments,2,1732.910,1192,2,true
baseline,2,join_mybatis,4,6585.986,5800,4,true
baseline,2,where_named,16,11101.025,7960,16,true
baseline,2,deep_unary,256,56025,33048,1,true
baseline,2,json_operator,1,1494.580,1128,1,true
baseline,2,jdbc_escape,1,1808.301,1176,1,true
baseline,2,array_named,4096,255850,395776,4096,true
baseline,2,array_mybatis,1024,2609775,27681488,1024,true
baseline,2,array_positional,1024,9700,6712,0,false
baseline,2,array_mybatis,256,219240.625,1777536,256,true
baseline,2,array_mybatis,8192,141831550,1814143252,8192,true
baseline,2,bare_concat,4096,319400,43616,1,false
baseline,2,where_named,2,1959.180,1816,2,true
baseline,2,geometric_cast,1,1500.342,792,1,true
baseline,2,array_mybatis,4096,37170100,453545112,4096,true
baseline,2,join_positional,4,4929.639,3824,4,true
baseline,2,array_named,1024,60425,87088,1024,true
baseline,2,array_positional,8192,80800,139940,0,false
baseline,2,where_mybatis,2,2562.109,2552,2,true
baseline,2,bare_concat,1024,78600,11360,1,false
baseline,2,deep_unary,4096,855100,510648,1,true
baseline,2,bare_concat,8192,631600,127628,1,false
baseline,2,no_parameters,0,1259.131,1248,0,true
baseline,2,array_positional,4096,38000,25144,0,false
baseline,2,where_positional,2,1632.910,1456,2,true
baseline,2,join_named,4,5253.711,3968,4,true
baseline,2,array_positional,256,3500,2104,0,false
baseline,2,json_constructor,1,1467.090,1136,0,false
baseline,2,cached_positional_same,2,12.432,0,2,true
baseline,2,cached_positional_equal,2,16.696,0,2,true
baseline,2,cached_named_same,2,12.174,0,2,true
baseline,2,cached_named_equal,2,16.543,0,2,true
baseline,3,deep_unary,256,55103.125,33048,1,true
baseline,3,array_named,4096,267350,395776,4096,true
baseline,3,quoted_and_comments,2,1674.951,1192,2,true
baseline,3,array_named,1024,59337.500,87088,1024,true
baseline,3,geometric_cast,1,1507.568,792,1,true
baseline,3,where_positional,128,74379.053,35904,128,true
baseline,3,array_named,256,15268.750,22776,256,true
baseline,3,array_mybatis,1024,2714112.500,27681488,1024,true
baseline,3,no_parameters,0,1253.320,1248,0,true
baseline,3,json_operator,1,1469.824,1128,1,true
baseline,3,where_mybatis,16,15232.666,14656,16,true
baseline,3,array_positional,256,3259.375,2104,0,false
baseline,3,array_mybatis,256,269815.625,1777536,256,true
baseline,3,deep_unary,4096,843150,510648,1,true
baseline,3,where_positional,16,9542.383,5224,16,true
baseline,3,bare_concat,256,20731.250,3296,1,false
baseline,3,json_constructor,1,1494.287,1136,0,false
baseline,3,where_named,16,11147.363,7960,16,true
baseline,3,array_mybatis,4096,37643450,453545112,4096,true
baseline,3,array_positional,8192,86650,139940,0,false
baseline,3,bare_concat,1024,76687.500,11360,1,false
baseline,3,where_named,2,1911.572,1816,2,true
baseline,3,join_positional,4,4949.805,3824,4,true
baseline,3,deep_unary,8192,1671700,1061092,1,true
baseline,3,deep_unary,1024,212087.500,130621,1,true
baseline,3,array_named,8192,554750,863844,8192,true
baseline,3,array_positional,1024,9900,6712,0,false
baseline,3,join_mybatis,4,6431.836,5800,4,true
baseline,3,bare_concat,4096,314050,43616,1,false
baseline,3,join_named,4,5275.098,3968,4,true
baseline,3,where_positional,2,1614.795,1456,2,true
baseline,3,jdbc_escape,1,1846.973,1176,1,true
baseline,3,array_positional,4096,36550,25144,0,false
baseline,3,bare_concat,8192,612150,127628,1,false
baseline,3,where_mybatis,2,2526.660,2552,2,true
baseline,3,array_mybatis,8192,141687300,1814143252,8192,true
baseline,3,cached_positional_same,2,12.648,0,2,true
baseline,3,cached_positional_equal,2,16.604,0,2,true
baseline,3,cached_named_same,2,12.411,0,2,true
baseline,3,cached_named_equal,2,16.376,0,2,true
baseline,4,array_named,4096,250450,395776,4096,true
baseline,4,array_named,1024,61625,87088,1024,true
baseline,4,geometric_cast,1,1518.652,792,1,true
baseline,4,array_named,8192,514200,863844,8192,true
baseline,4,bare_concat,256,20753.125,3296,1,false
baseline,4,array_positional,256,2793.750,2104,0,false
baseline,4,join_mybatis,4,6526.172,5800,4,true
baseline,4,join_positional,4,5043.799,3824,4,true
baseline,4,deep_unary,1024,215100,128568,1,true
baseline,4,where_positional,16,9929.248,5224,16,true
baseline,4,json_constructor,1,1509.766,1136,0,false
baseline,4,no_parameters,0,1288.477,1248,0,true
baseline,4,array_mybatis,8192,142737600,1814143252,8192,true
baseline,4,join_named,4,5374.023,3968,4,true
baseline,4,deep_unary,4096,856900,510648,1,true
baseline,4,quoted_and_comments,2,1734.570,1192,2,true
baseline,4,array_mybatis,1024,2715175,27681488,1024,true
baseline,4,json_operator,1,1489.063,1128,1,true
baseline,4,where_named,16,11075.293,7960,16,true
baseline,4,where_positional,128,76297.412,35904,128,true
baseline,4,deep_unary,256,55743.750,33048,1,true
baseline,4,jdbc_escape,1,1830.566,1176,1,true
baseline,4,array_positional,1024,9575,6712,0,false
baseline,4,where_positional,2,1662.305,1456,2,true
baseline,4,array_named,256,14528.125,22776,256,true
baseline,4,where_mybatis,2,2541.553,2552,2,true
baseline,4,array_positional,8192,80650,139940,0,false
baseline,4,bare_concat,8192,617000,127628,1,false
baseline,4,array_mybatis,4096,38204500,453553324,4096,true
baseline,4,bare_concat,1024,77562.500,11360,1,false
baseline,4,bare_concat,4096,324400,43616,1,false
baseline,4,where_mybatis,16,15529.199,14656,16,true
baseline,4,array_mybatis,256,212162.500,1777536,256,true
baseline,4,array_positional,4096,36450,25144,0,false
baseline,4,where_named,2,1998.633,1816,2,true
baseline,4,deep_unary,8192,1705550,1061092,1,true
baseline,4,cached_positional_same,2,12.968,0,2,true
baseline,4,cached_positional_equal,2,16.048,0,2,true
baseline,4,cached_named_same,2,12.141,0,2,true
baseline,4,cached_named_equal,2,16.219,0,2,true
baseline,5,deep_unary,1024,210562.500,128568,1,true
baseline,5,no_parameters,0,1251.318,1248,0,true
baseline,5,array_positional,1024,9512.500,6712,0,false
baseline,5,where_positional,2,1652.197,1456,2,true
baseline,5,array_mybatis,4096,37236350,453545136,4096,true
baseline,5,array_named,256,15368.750,22776,256,true
baseline,5,where_named,2,1969.189,1816,2,true
baseline,5,array_named,8192,520150,863844,8192,true
baseline,5,array_positional,256,2750,2104,0,false
baseline,5,deep_unary,8192,1712900,1061092,1,true
baseline,5,where_mybatis,2,2626.855,2600,2,true
baseline,5,json_constructor,1,1499.463,1136,0,false
baseline,5,join_named,4,5469.336,3968,4,true
baseline,5,deep_unary,256,54962.500,33048,1,true
baseline,5,where_positional,128,75334.961,35904,128,true
baseline,5,array_mybatis,8192,145122700,1814143276,8192,true
baseline,5,bare_concat,256,20068.750,3809.250,1,false
baseline,5,bare_concat,8192,603550,127628,1,false
baseline,5,where_mybatis,16,15619.678,15040,16,true
baseline,5,array_named,4096,269800,395776,4096,true
baseline,5,join_positional,4,5003.174,3824,4,true
baseline,5,bare_concat,4096,315700,43616,1,false
baseline,5,where_named,16,10840.088,7960,16,true
baseline,5,jdbc_escape,1,1855.908,1176,1,true
baseline,5,quoted_and_comments,2,1703.711,1192,2,true
baseline,5,array_mybatis,1024,2719587.500,27681512,1024,true
baseline,5,geometric_cast,1,1492.383,792,1,true
baseline,5,array_mybatis,256,205168.750,1777560,256,true
baseline,5,array_positional,8192,85000,139940,0,false
baseline,5,where_positional,16,9845.166,5224,16,true
baseline,5,bare_concat,1024,78525,11360,1,false
baseline,5,array_positional,4096,38350,25144,0,false
baseline,5,json_operator,1,1482.275,1128,1,true
baseline,5,array_named,1024,61287.500,87088,1024,true
baseline,5,deep_unary,4096,845850,510648,1,true
baseline,5,join_mybatis,4,6518.359,5896,4,true
baseline,5,cached_positional_same,2,12.816,0,2,true
baseline,5,cached_positional_equal,2,16.668,0,2,true
baseline,5,cached_named_same,2,12.162,0,2,true
baseline,5,cached_named_equal,2,16.163,0,2,true
before,1,array_positional,4096,904900,1613680,4096,true
before,1,array_mybatis,1024,229612.500,316088,1024,true
before,1,quoted_and_comments,2,2919.043,1608,2,true
before,1,array_named,4096,367100,510400,4096,true
before,1,no_parameters,0,1394.873,1400,0,true
before,1,where_positional,16,14309.717,6128,16,true
before,1,deep_unary,256,79481.250,38384,1,true
before,1,array_positional,1024,227462.500,418688,1024,true
before,1,array_named,256,18390.625,30168,256,true
before,1,json_constructor,1,2425.879,1576,1,true
before,1,where_positional,128,103413.916,42632,128,true
before,1,array_mybatis,8192,1860200,2745516,8192,true
before,1,geometric_cast,1,2197.314,1400,1,true
before,1,array_positional,8192,1893850,3567740,8192,true
before,1,where_mybatis,2,3087.109,4008,2,true
before,1,bare_concat,256,30846.875,13512,256,true
before,1,where_positional,2,2936.572,1872,2,true
before,1,deep_unary,4096,1245750,585168,1,true
before,1,array_positional,256,54956.250,101681.250,256,true
before,1,where_named,16,11817.139,11552,16,true
before,1,bare_concat,1024,123087.500,61056,1024,true
before,1,join_positional,4,8576.025,4312,4,true
before,1,deep_unary,8192,2504700,1209356,1,true
before,1,array_mybatis,4096,946450,1272216,4096,true
before,1,where_named,2,2157.910,2384,2,true
before,1,array_mybatis,256,55215.625,65544,256,true
before,1,jdbc_escape,1,2595.020,1584,1,true
before,1,bare_concat,8192,965800,575580,8192,true
before,1,array_named,8192,705200,1178932,8192,true
before,1,deep_unary,1024,314737.500,147760,1,true
before,1,bare_concat,4096,469850,203160,4096,true
before,1,array_named,1024,74175,122336,1024,true
before,1,join_mybatis,4,7482.813,8616,4,true
before,1,json_operator,1,2427.490,1536,1,true
before,1,where_mybatis,16,18321.973,25368,16,true
before,1,join_named,4,5610.107,5008,4,true
before,1,cached_positional_same,2,12.513,0,2,true
before,1,cached_positional_equal,2,16.415,0,2,true
before,1,cached_named_same,2,12.231,0,2,true
before,1,cached_named_equal,2,15.763,0,2,true
before,2,array_named,8192,704600,1178932,8192,true
before,2,where_mybatis,16,18799.170,25368,16,true
before,2,deep_unary,8192,2467650,1209356,1,true
before,2,bare_concat,256,33878.125,13512,256,true
before,2,deep_unary,1024,315062.500,147760,1,true
before,2,where_positional,128,105064.258,42632,128,true
before,2,where_positional,16,14518.408,6128,16,true
before,2,array_named,256,19500,30168,256,true
before,2,quoted_and_comments,2,2895.996,1608,2,true
before,2,join_mybatis,4,7567.090,8616,4,true
before,2,where_named,16,12309.082,11552,16,true
before,2,deep_unary,256,80684.375,38384,1,true
before,2,json_operator,1,2445.605,1536,1,true
before,2,jdbc_escape,1,2559.229,1584,1,true
before,2,array_named,4096,322400,510400,4096,true
before,2,array_mybatis,1024,239612.500,316088,1024,true
before,2,array_positional,1024,228462.500,418688,1024,true
before,2,array_mybatis,256,55503.125,65544,256,true
before,2,array_mybatis,8192,1881400,2745516,8192,true
before,2,bare_concat,4096,484950,203160,4096,true
before,2,where_named,2,2187.793,2384,2,true
before,2,geometric_cast,1,2287.305,1400,1,true
before,2,array_mybatis,4096,962600,1272216,4096,true
before,2,join_positional,4,8640.186,4312,4,true
before,2,array_named,1024,75337.500,122336,1024,true
before,2,array_positional,8192,1690900,3567740,8192,true
before,2,where_mybatis,2,3144.189,4008,2,true
before,2,bare_concat,1024,120375,61056,1024,true
before,2,deep_unary,4096,1240250,585168,1,true
before,2,bare_concat,8192,947550,575580,8192,true
before,2,no_parameters,0,1377.197,1400,0,true
before,2,array_positional,4096,866000,1613680,4096,true
before,2,where_positional,2,2907.666,1872,2,true
before,2,join_named,4,5953.613,5008,4,true
before,2,array_positional,256,54153.125,101168,256,true
before,2,json_constructor,1,2445.215,1576,1,true
before,2,cached_positional_same,2,12.487,0,2,true
before,2,cached_positional_equal,2,16.050,0,2,true
before,2,cached_named_same,2,12.151,0,2,true
before,2,cached_named_equal,2,15.816,0,2,true
before,3,deep_unary,256,81850,38384,1,true
before,3,array_named,4096,337650,510400,4096,true
before,3,quoted_and_comments,2,2907.422,1608,2,true
before,3,array_named,1024,81762.500,122336,1024,true
before,3,geometric_cast,1,2383.496,1400,1,true
before,3,where_positional,128,103706.104,42632,128,true
before,3,array_named,256,19356.250,30168,256,true
before,3,array_mybatis,1024,239212.500,316088,1024,true
before,3,no_parameters,0,1410.693,1400,0,true
before,3,json_operator,1,2496.631,1536,1,true
before,3,where_mybatis,16,18380.273,25368,16,true
before,3,array_positional,256,55950,101168,256,true
before,3,array_mybatis,256,57237.500,65544,256,true
before,3,deep_unary,4096,1254500,585168,1,true
before,3,where_positional,16,14650.293,6128,16,true
before,3,bare_concat,256,33353.125,13512,256,true
before,3,json_constructor,1,2447.363,1576,1,true
before,3,where_named,16,11928.613,11552,16,true
before,3,array_mybatis,4096,947750,1272216,4096,true
before,3,array_positional,8192,1826300,3567740,8192,true
before,3,bare_concat,1024,124862.500,61056,1024,true
before,3,where_named,2,2197.607,2384,2,true
before,3,join_positional,4,8534.570,4312,4,true
before,3,deep_unary,8192,2478350,1209356,1,true
before,3,deep_unary,1024,312275,149813,1,true
before,3,array_named,8192,674050,1178932,8192,true
before,3,array_positional,1024,229800,418688,1024,true
before,3,join_mybatis,4,7470.996,8616,4,true
before,3,bare_concat,4096,488300,203160,4096,true
before,3,join_named,4,5800.586,5008,4,true
before,3,where_positional,2,2995.605,1872,2,true
before,3,jdbc_escape,1,2564.404,1584,1,true
before,3,array_positional,4096,888100,1613680,4096,true
before,3,bare_concat,8192,959000,575580,8192,true
before,3,where_mybatis,2,3096.045,4008,2,true
before,3,array_mybatis,8192,1936600,2745516,8192,true
before,3,cached_positional_same,2,12.445,0,2,true
before,3,cached_positional_equal,2,15.988,0,2,true
before,3,cached_named_same,2,11.669,0,2,true
before,3,cached_named_equal,2,15.334,0,2,true
before,4,array_named,4096,339950,510400,4096,true
before,4,array_named,1024,75650,122336,1024,true
before,4,geometric_cast,1,2175,1400,1,true
before,4,array_named,8192,679800,1178932,8192,true
before,4,bare_concat,256,33415.625,13512,256,true
before,4,array_positional,256,55971.875,101168,256,true
before,4,join_mybatis,4,7418.408,8616,4,true
before,4,join_positional,4,8964.063,4312,4,true
before,4,deep_unary,1024,312412.500,147760,1,true
before,4,where_positional,16,14907.324,6128,16,true
before,4,json_constructor,1,2460.400,1576,1,true
before,4,no_parameters,0,1365.723,1400,0,true
before,4,array_mybatis,8192,1895950,2745516,8192,true
before,4,join_named,4,5943.066,5008,4,true
before,4,deep_unary,4096,1248000,585168,1,true
before,4,quoted_and_comments,2,2901.758,1608,2,true
before,4,array_mybatis,1024,228150,316088,1024,true
before,4,json_operator,1,2443.018,1536,1,true
before,4,where_named,16,11989.404,11552,16,true
before,4,where_positional,128,105309.961,42632,128,true
before,4,deep_unary,256,80850,38384,1,true
before,4,jdbc_escape,1,2591.211,1584,1,true
before,4,array_positional,1024,210812.500,418688,1024,true
before,4,where_positional,2,2907.959,1872,2,true
before,4,array_named,256,19215.625,30168,256,true
before,4,where_mybatis,2,3062.500,4008,2,true
before,4,array_positional,8192,1717000,3567740,8192,true
before,4,bare_concat,8192,952350,575580,8192,true
before,4,array_mybatis,4096,910700,1280428,4096,true
before,4,bare_concat,1024,122412.500,61056,1024,true
before,4,bare_concat,4096,484400,203160,4096,true
before,4,where_mybatis,16,18405.371,25368,16,true
before,4,array_mybatis,256,56321.875,65544,256,true
before,4,array_positional,4096,859700,1613680,4096,true
before,4,where_named,2,2209.863,2384,2,true
before,4,deep_unary,8192,2494200,1209356,1,true
before,4,cached_positional_same,2,12.417,0,2,true
before,4,cached_positional_equal,2,16.359,0,2,true
before,4,cached_named_same,2,12.126,0,2,true
before,4,cached_named_equal,2,23.310,0,2,true
before,5,deep_unary,1024,310900,147760,1,true
before,5,no_parameters,0,1372.949,1400,0,true
before,5,array_positional,1024,225000,418688,1024,true
before,5,where_positional,2,2870.068,1872,2,true
before,5,array_mybatis,4096,957600,1272216,4096,true
before,5,array_named,256,19309.375,30168,256,true
before,5,where_named,2,2233.838,2384,2,true
before,5,array_named,8192,687450,1178932,8192,true
before,5,array_positional,256,53600,101168,256,true
before,5,deep_unary,8192,2551950,1209356,1,true
before,5,where_mybatis,2,3010.693,4008,2,true
before,5,json_constructor,1,2444.434,1576,1,true
before,5,join_named,4,5726.270,5008,4,true
before,5,deep_unary,256,80365.625,38384,1,true
before,5,where_positional,128,104125.049,42632,128,true
before,5,array_mybatis,8192,1934500,2745516,8192,true
before,5,bare_concat,256,32625,14025.250,256,true
before,5,bare_concat,8192,955550,575580,8192,true
before,5,where_mybatis,16,18406.494,25368,16,true
before,5,array_named,4096,347100,510400,4096,true
before,5,join_positional,4,8293.994,4312,4,true
before,5,bare_concat,4096,482850,203160,4096,true
before,5,where_named,16,11940.088,11552,16,true
before,5,jdbc_escape,1,2613.135,1584,1,true
before,5,quoted_and_comments,2,2953.125,1608,2,true
before,5,array_mybatis,1024,241862.500,316088,1024,true
before,5,geometric_cast,1,2177.393,1400,1,true
before,5,array_mybatis,256,57493.750,65544,256,true
before,5,array_positional,8192,1838950,3567740,8192,true
before,5,where_positional,16,14459.082,6128,16,true
before,5,bare_concat,1024,126350,61056,1024,true
before,5,array_positional,4096,936050,1613680,4096,true
before,5,json_operator,1,2433.008,1536,1,true
before,5,array_named,1024,75925,122336,1024,true
before,5,deep_unary,4096,1227000,585168,1,true
before,5,join_mybatis,4,7281.299,8616,4,true
before,5,cached_positional_same,2,12.857,0,2,true
before,5,cached_positional_equal,2,15.326,0,2,true
before,5,cached_named_same,2,11.511,0,2,true
before,5,cached_named_equal,2,15.411,0,2,true
current,1,array_positional,4096,37350,58024,4096,true
current,1,array_mybatis,1024,105650,280920,1024,true
current,1,quoted_and_comments,2,1666.553,1592,2,true
current,1,array_named,4096,191650,453104,4096,true
current,1,no_parameters,0,1012.500,1232,0,true
current,1,where_positional,16,5701.318,5728,16,true
current,1,deep_unary,256,27768.750,37768,1,true
current,1,array_positional,1024,10475,15016,1024,true
current,1,array_named,256,12181.250,26488,256,true
current,1,json_constructor,1,1275.635,1384,1,true
current,1,where_positional,128,41334.912,39992,128,true
current,1,array_mybatis,8192,793700,2158956,8192,true
current,1,geometric_cast,1,1129.346,1296,1,true
current,1,array_positional,8192,71900,205588,8192,true
current,1,where_mybatis,2,1904.932,3024,2,true
current,1,bare_concat,256,14887.500,10568,256,true
current,1,where_positional,2,1345.313,1672,2,true
current,1,deep_unary,4096,459150,576872,1,true
current,1,array_positional,256,5453.125,4777.250,256,true
current,1,where_named,16,5834.082,9680,16,true
current,1,bare_concat,1024,57075,46488,1024,true
current,1,join_positional,4,3796.387,4056,4,true
current,1,deep_unary,8192,986950,1192868,1,true
current,1,array_mybatis,4096,412150,1037720,4096,true
current,1,where_named,2,1387.842,2080,2,true
current,1,array_mybatis,256,25415.625,58232,256,true
current,1,jdbc_escape,1,1464.844,1576,1,true
current,1,bare_concat,8192,438500,442596,8192,true
current,1,array_named,8192,404400,979308,8192,true
current,1,deep_unary,1024,112875,145608,1,true
current,1,bare_concat,4096,253150,158120,4096,true
current,1,array_named,1024,49937.500,104728,1024,true
current,1,join_mybatis,4,4741.309,6688,4,true
current,1,json_operator,1,1513.867,1528,1,true
current,1,where_mybatis,16,10382.031,18040,16,true
current,1,join_named,4,3547.852,4440,4,true
current,1,cached_positional_same,2,12.654,0,2,true
current,1,cached_positional_equal,2,16.590,0,2,true
current,1,cached_named_same,2,11.907,0,2,true
current,1,cached_named_equal,2,20.744,0,2,true
current,2,array_named,8192,426400,979308,8192,true
current,2,where_mybatis,16,10746.680,18040,16,true
current,2,deep_unary,8192,887100,1192868,1,true
current,2,bare_concat,256,14737.500,10568,256,true
current,2,deep_unary,1024,110225,145608,1,true
current,2,where_positional,128,43204.395,39992,128,true
current,2,where_positional,16,5829.443,5728,16,true
current,2,array_named,256,13187.500,26488,256,true
current,2,quoted_and_comments,2,1762.256,1592,2,true
current,2,join_mybatis,4,4637.207,6688,4,true
current,2,where_named,16,6016.357,9680,16,true
current,2,deep_unary,256,28293.750,37768,1,true
current,2,json_operator,1,1566.064,1528,1,true
current,2,jdbc_escape,1,1542.139,1576,1,true
current,2,array_named,4096,214750,453104,4096,true
current,2,array_mybatis,1024,116237.500,280920,1024,true
current,2,array_positional,1024,10137.500,15016,1024,true
current,2,array_mybatis,256,25537.500,58232,256,true
current,2,array_mybatis,8192,845350,2158956,8192,true
current,2,bare_concat,4096,238450,158120,4096,true
current,2,where_named,2,1393.213,2080,2,true
current,2,geometric_cast,1,1141.016,1296,1,true
current,2,array_mybatis,4096,378300,1037720,4096,true
current,2,join_positional,4,3986.182,4056,4,true
current,2,array_named,1024,46487.500,104728,1024,true
current,2,array_positional,8192,82300,205588,8192,true
current,2,where_mybatis,2,2056.787,3024,2,true
current,2,bare_concat,1024,55487.500,46488,1024,true
current,2,deep_unary,4096,563950,576872,1,true
current,2,bare_concat,8192,431700,442596,8192,true
current,2,no_parameters,0,1447.998,1232,0,true
current,2,array_positional,4096,35400,58024,4096,true
current,2,where_positional,2,1495.898,1672,2,true
current,2,join_named,4,3560.547,4440,4,true
current,2,array_positional,256,4181.250,4264,256,true
current,2,json_constructor,1,1359.375,1384,1,true
current,2,cached_positional_same,2,12.465,0,2,true
current,2,cached_positional_equal,2,16.257,0,2,true
current,2,cached_named_same,2,11.976,0,2,true
current,2,cached_named_equal,2,16.190,0,2,true
current,3,deep_unary,256,29562.500,37768,1,true
current,3,array_named,4096,203650,453104,4096,true
current,3,quoted_and_comments,2,1730.957,1592,2,true
current,3,array_named,1024,47200,104728,1024,true
current,3,geometric_cast,1,1116.406,1296,1,true
current,3,where_positional,128,41400.684,39992,128,true
current,3,array_named,256,12840.625,26488,256,true
current,3,array_mybatis,1024,105050,280920,1024,true
current,3,no_parameters,0,1084.717,1232,0,true
current,3,json_operator,1,1690.088,1528,1,true
current,3,where_mybatis,16,11666.309,18040,16,true
current,3,array_positional,256,4750,4264,256,true
current,3,array_mybatis,256,24425,58232,256,true
current,3,deep_unary,4096,451300,576872,1,true
current,3,where_positional,16,5845.264,5728,16,true
current,3,bare_concat,256,14225,10568,256,true
current,3,json_constructor,1,1293.115,1384,1,true
current,3,where_named,16,5927.490,9680,16,true
current,3,array_mybatis,4096,399450,1037720,4096,true
current,3,array_positional,8192,74100,205588,8192,true
current,3,bare_concat,1024,52325,46488,1024,true
current,3,where_named,2,1334.375,2080,2,true
current,3,join_positional,4,3786.865,4056,4,true
current,3,deep_unary,8192,886300,1192868,1,true
current,3,deep_unary,1024,114587.500,147661,1,true
current,3,array_named,8192,406000,979308,8192,true
current,3,array_positional,1024,11087.500,15016,1024,true
current,3,join_mybatis,4,4842.480,6688,4,true
current,3,bare_concat,4096,196050,158120,4096,true
current,3,join_named,4,3536.523,4440,4,true
current,3,where_positional,2,1442.773,1672,2,true
current,3,jdbc_escape,1,1480.713,1576,1,true
current,3,array_positional,4096,37600,58024,4096,true
current,3,bare_concat,8192,412650,442596,8192,true
current,3,where_mybatis,2,1971.533,3024,2,true
current,3,array_mybatis,8192,768450,2158956,8192,true
current,3,cached_positional_same,2,12.445,0,2,true
current,3,cached_positional_equal,2,16.458,0,2,true
current,3,cached_named_same,2,12.053,0,2,true
current,3,cached_named_equal,2,16.179,0,2,true
current,4,array_named,4096,194100,453104,4096,true
current,4,array_named,1024,48150,104728,1024,true
current,4,geometric_cast,1,1138.086,1296,1,true
current,4,array_named,8192,431350,979308,8192,true
current,4,bare_concat,256,14615.625,10568,256,true
current,4,array_positional,256,4884.375,4264,256,true
current,4,join_mybatis,4,4933.496,6688,4,true
current,4,join_positional,4,3799.512,4056,4,true
current,4,deep_unary,1024,110162.500,145608,1,true
current,4,where_positional,16,6040.088,5728,16,true
current,4,json_constructor,1,1325.635,1384,1,true
current,4,no_parameters,0,1048.340,1232,0,true
current,4,array_mybatis,8192,844850,2158956,8192,true
current,4,join_named,4,3591.211,4440,4,true
current,4,deep_unary,4096,431900,576872,1,true
current,4,quoted_and_comments,2,1721.924,1592,2,true
current,4,array_mybatis,1024,104612.500,280920,1024,true
current,4,json_operator,1,1547.656,1528,1,true
current,4,where_named,16,5787.256,9680,16,true
current,4,where_positional,128,41373.389,39992,128,true
current,4,deep_unary,256,29059.375,37768,1,true
current,4,jdbc_escape,1,1515.918,1576,1,true
current,4,array_positional,1024,10512.500,15016,1024,true
current,4,where_positional,2,1413.232,1672,2,true
current,4,array_named,256,11937.500,26488,256,true
current,4,where_mybatis,2,2022.705,3024,2,true
current,4,array_positional,8192,67450,205588,8192,true
current,4,bare_concat,8192,389200,442596,8192,true
current,4,array_mybatis,4096,373950,1045932,4096,true
current,4,bare_concat,1024,54012.500,46488,1024,true
current,4,bare_concat,4096,197350,158120,4096,true
current,4,where_mybatis,16,10720.605,18040,16,true
current,4,array_mybatis,256,24656.250,58232,256,true
current,4,array_positional,4096,31100,58024,4096,true
current,4,where_named,2,1348.389,2080,2,true
current,4,deep_unary,8192,855400,1192868,1,true
current,4,cached_positional_same,2,12.262,0,2,true
current,4,cached_positional_equal,2,15.884,0,2,true
current,4,cached_named_same,2,11.748,0,2,true
current,4,cached_named_equal,2,15.725,0,2,true
current,5,deep_unary,1024,121112.500,145608,1,true
current,5,no_parameters,0,1111.475,1232,0,true
current,5,array_positional,1024,10287.500,15016,1024,true
current,5,where_positional,2,1475.098,1672,2,true
current,5,array_mybatis,4096,384200,1037720,4096,true
current,5,array_named,256,12728.125,26488,256,true
current,5,where_named,2,1380.371,2080,2,true
current,5,array_named,8192,421750,979308,8192,true
current,5,array_positional,256,3740.625,4264,256,true
current,5,deep_unary,8192,889700,1192868,1,true
current,5,where_mybatis,2,2054.004,3024,2,true
current,5,json_constructor,1,1343.848,1384,1,true
current,5,join_named,4,3581.543,4440,4,true
current,5,deep_unary,256,27481.250,37768,1,true
current,5,where_positional,128,41648.389,39992,128,true
current,5,array_mybatis,8192,856750,2158956,8192,true
current,5,bare_concat,256,15350,11081.250,256,true
current,5,bare_concat,8192,410600,442596,8192,true
current,5,where_mybatis,16,11058.984,18040,16,true
current,5,array_named,4096,210350,453104,4096,true
current,5,join_positional,4,3844.678,4056,4,true
current,5,bare_concat,4096,211600,158120,4096,true
current,5,where_named,16,5863.281,9680,16,true
current,5,jdbc_escape,1,1517.725,1576,1,true
current,5,quoted_and_comments,2,1800.928,1592,2,true
current,5,array_mybatis,1024,102712.500,280920,1024,true
current,5,geometric_cast,1,1175.146,1296,1,true
current,5,array_mybatis,256,25275,58232,256,true
current,5,array_positional,8192,70600,205588,8192,true
current,5,where_positional,16,5908.838,5728,16,true
current,5,bare_concat,1024,54350,46488,1024,true
current,5,array_positional,4096,32350,58024,4096,true
current,5,json_operator,1,1569.580,1528,1,true
current,5,array_named,1024,52575,104728,1024,true
current,5,deep_unary,4096,482100,576872,1,true
current,5,join_mybatis,4,4842.822,6688,4,true
current,5,cached_positional_same,2,12.346,0,2,true
current,5,cached_positional_equal,2,15.959,0,2,true
current,5,cached_named_same,2,11.999,0,2,true
current,5,cached_named_equal,2,15.685,0,2,true
baseline_common8,1,array_positional,4096,38700,25144,0,false
baseline_common8,1,array_mybatis,1024,2580900,27681512,1024,true
baseline_common8,1,quoted_and_comments,2,1627.051,1192,2,true
baseline_common8,1,array_named,4096,258200,395776,4096,true
baseline_common8,1,no_parameters,0,1204.199,1248,0,true
baseline_common8,1,where_positional,16,9932.764,5224,16,true
baseline_common8,1,deep_unary,256,54387.500,33048,1,true
baseline_common8,1,array_positional,1024,9712.500,6712,0,false
baseline_common8,1,array_named,256,14446.875,22776,256,true
baseline_common8,1,json_constructor,1,1448.340,1136,0,false
baseline_common8,1,where_positional,128,73953.906,35904,128,true
baseline_common8,1,array_mybatis,8192,145298900,1814143276,8192,true
baseline_common8,1,geometric_cast,1,1498.291,792,1,true
baseline_common8,1,array_positional,8192,77700,139940,0,false
baseline_common8,1,where_mybatis,2,2502.002,2600,2,true
baseline_common8,1,bare_concat,256,21200,3296,1,false
baseline_common8,1,where_positional,2,1591.211,1456,2,true
baseline_common8,1,deep_unary,4096,856100,510648,1,true
baseline_common8,1,array_positional,256,3231.250,2617.250,0,false
baseline_common8,1,where_named,16,10486.670,7960,16,true
baseline_common8,1,bare_concat,1024,78012.500,11360,1,false
baseline_common8,1,join_positional,4,4867.139,3824,4,true
baseline_common8,1,deep_unary,8192,1722150,1061092,1,true
baseline_common8,1,array_mybatis,4096,37707800,453545136,4096,true
baseline_common8,1,where_named,2,1878.223,1816,2,true
baseline_common8,1,array_mybatis,256,200871.875,1777560,256,true
baseline_common8,1,jdbc_escape,1,1839.209,1176,1,true
baseline_common8,1,bare_concat,8192,596300,127628,1,false
baseline_common8,1,array_named,8192,515550,863844,8192,true
baseline_common8,1,deep_unary,1024,213587.500,128568,1,true
baseline_common8,1,bare_concat,4096,307050,43616,1,false
baseline_common8,1,array_named,1024,58862.500,87088,1024,true
baseline_common8,1,join_mybatis,4,6185.547,5896,4,true
baseline_common8,1,json_operator,1,1460.693,1128,1,true
baseline_common8,1,where_mybatis,16,15319.238,15040,16,true
baseline_common8,1,join_named,4,5143.604,3968,4,true
baseline_common8,1,cached_positional_same,2,12.572,0,2,true
baseline_common8,1,cached_positional_equal,2,16.378,0,2,true
baseline_common8,1,cached_named_same,2,12.165,0,2,true
baseline_common8,1,cached_named_equal,2,15.823,0,2,true
baseline_common8,2,array_named,8192,523700,863844,8192,true
baseline_common8,2,where_mybatis,16,15358.545,14656,16,true
baseline_common8,2,deep_unary,8192,1656200,1061092,1,true
baseline_common8,2,bare_concat,256,20028.125,3296,1,false
baseline_common8,2,deep_unary,1024,206912.500,128568,1,true
baseline_common8,2,where_positional,128,74171.289,35904,128,true
baseline_common8,2,where_positional,16,9911.914,5224,16,true
baseline_common8,2,array_named,256,14759.375,22776,256,true
baseline_common8,2,quoted_and_comments,2,1730.615,1192,2,true
baseline_common8,2,join_mybatis,4,6416.260,5800,4,true
baseline_common8,2,where_named,16,10964.160,7960,16,true
baseline_common8,2,deep_unary,256,57337.500,33048,1,true
baseline_common8,2,json_operator,1,1472.168,1128,1,true
baseline_common8,2,jdbc_escape,1,1978.369,1176,1,true
baseline_common8,2,array_named,4096,266400,395776,4096,true
baseline_common8,2,array_mybatis,1024,2573050,27681488,1024,true
baseline_common8,2,array_positional,1024,9562.500,6712,0,false
baseline_common8,2,array_mybatis,256,207015.625,1777536,256,true
baseline_common8,2,array_mybatis,8192,143989400,1814143252,8192,true
baseline_common8,2,bare_concat,4096,296600,43616,1,false
baseline_common8,2,where_named,2,1900.977,1816,2,true
baseline_common8,2,geometric_cast,1,1480.908,792,1,true
baseline_common8,2,array_mybatis,4096,37060250,453545112,4096,true
baseline_common8,2,join_positional,4,4882.275,3824,4,true
baseline_common8,2,array_named,1024,61812.500,87088,1024,true
baseline_common8,2,array_positional,8192,83600,139940,0,false
baseline_common8,2,where_mybatis,2,2533.350,2552,2,true
baseline_common8,2,bare_concat,1024,76637.500,11360,1,false
baseline_common8,2,deep_unary,4096,827150,510648,1,true
baseline_common8,2,bare_concat,8192,603900,127628,1,false
baseline_common8,2,no_parameters,0,1236.035,1248,0,true
baseline_common8,2,array_positional,4096,40700,25144,0,false
baseline_common8,2,where_positional,2,1625.732,1456,2,true
baseline_common8,2,join_named,4,5265.527,3968,4,true
baseline_common8,2,array_positional,256,3493.750,2104,0,false
baseline_common8,2,json_constructor,1,1449.219,1136,0,false
baseline_common8,2,cached_positional_same,2,13.157,0,2,true
baseline_common8,2,cached_positional_equal,2,17.424,0,2,true
baseline_common8,2,cached_named_same,2,12.809,0,2,true
baseline_common8,2,cached_named_equal,2,17.331,0,2,true
baseline_common8,3,deep_unary,256,55415.625,33048,1,true
baseline_common8,3,array_named,4096,253600,395776,4096,true
baseline_common8,3,quoted_and_comments,2,1724.463,1192,2,true
baseline_common8,3,array_named,1024,59250,87088,1024,true
baseline_common8,3,geometric_cast,1,1502.979,792,1,true
baseline_common8,3,where_positional,128,76311.035,35904,128,true
baseline_common8,3,array_named,256,14637.500,22776,256,true
baseline_common8,3,array_mybatis,1024,2507612.500,27681464,1024,true
baseline_common8,3,no_parameters,0,1254.248,1248,0,true
baseline_common8,3,json_operator,1,1522.412,1128,1,true
baseline_common8,3,where_mybatis,16,15663.867,14272,16,true
baseline_common8,3,array_positional,256,2643.750,2104,0,false
baseline_common8,3,array_mybatis,256,270553.125,1777512,256,true
baseline_common8,3,deep_unary,4096,893300,510648,1,true
baseline_common8,3,where_positional,16,9861.719,5224,16,true
baseline_common8,3,bare_concat,256,21596.875,3296,1,false
baseline_common8,3,json_constructor,1,1490.674,1136,0,false
baseline_common8,3,where_named,16,11094.092,7960,16,true
baseline_common8,3,array_mybatis,4096,38135300,453545088,4096,true
baseline_common8,3,array_positional,8192,77850,139940,0,false
baseline_common8,3,bare_concat,1024,78612.500,11360,1,false
baseline_common8,3,where_named,2,1981.885,1816,2,true
baseline_common8,3,join_positional,4,4988.184,3824,4,true
baseline_common8,3,deep_unary,8192,1733900,1061092,1,true
baseline_common8,3,deep_unary,1024,214075,130621,1,true
baseline_common8,3,array_named,8192,529550,863844,8192,true
baseline_common8,3,array_positional,1024,9562.500,6712,0,false
baseline_common8,3,join_mybatis,4,6577.832,5704,4,true
baseline_common8,3,bare_concat,4096,310200,43616,1,false
baseline_common8,3,join_named,4,5319.287,3968,4,true
baseline_common8,3,where_positional,2,1638.623,1456,2,true
baseline_common8,3,jdbc_escape,1,1829.736,1176,1,true
baseline_common8,3,array_positional,4096,35100,25144,0,false
baseline_common8,3,bare_concat,8192,647500,127628,1,false
baseline_common8,3,where_mybatis,2,2581.641,2504,2,true
baseline_common8,3,array_mybatis,8192,143595850,1814143228,8192,true
baseline_common8,3,cached_positional_same,2,12.827,0,2,true
baseline_common8,3,cached_positional_equal,2,16.775,0,2,true
baseline_common8,3,cached_named_same,2,12.248,0,2,true
baseline_common8,3,cached_named_equal,2,16.578,0,2,true
