version,case,fork,ns,bytes
baseline,tokenize_backslashes,1,404.372,488
baseline,tokenize_backslashes,2,388.756,488
baseline,tokenize_backslashes,3,349.907,488
baseline,tokenize_backslashes,4,382.167,488
baseline,tokenize_backslashes,5,401.585,488
baseline,walk_tokens_comments,1,12664.599,1920
baseline,walk_tokens_comments,2,9056.016,1920
baseline,walk_tokens_comments,3,8966.879,1920
baseline,walk_tokens_comments,4,9065.513,1920
baseline,walk_tokens_comments,5,8888.629,1920
baseline,read_insert_literal,1,7375.412,7424
baseline,read_insert_literal,2,6119.608,7424
baseline,read_insert_literal,3,6079.933,7424
baseline,read_insert_literal,4,6275.508,7424
baseline,read_insert_literal,5,5993.122,7424
baseline,tokenize_hash_operator,1,119.789,104
baseline,tokenize_hash_operator,2,109.883,104
baseline,tokenize_hash_operator,3,95.204,104
baseline,tokenize_hash_operator,4,113.015,104
baseline,tokenize_hash_operator,5,98.534,104
baseline,walk_bounds_comments,1,3507.245,0
baseline,walk_bounds_comments,2,3401.389,0
baseline,walk_bounds_comments,3,3264.061,0
baseline,walk_bounds_comments,4,3255.788,0
baseline,walk_bounds_comments,5,3430.713,0
baseline,end_custom,1,141.962,0
baseline,end_custom,2,129.269,0
baseline,end_custom,3,122.419,0
baseline,end_custom,4,129.214,0
baseline,end_custom,5,121.826,0
baseline,index_whitespace,1,115.563,96
baseline,index_whitespace,2,107.382,96
baseline,index_whitespace,3,98.633,72
baseline,index_whitespace,4,106.986,72
baseline,index_whitespace,5,98.623,72
baseline,classify_update,1,365.932,864
baseline,classify_update,2,359.599,864
baseline,classify_update,3,366.04,864
baseline,classify_update,4,377.32,864
baseline,classify_update,5,374.487,864
baseline,read_insert_large,1,340910.526,357376
baseline,read_insert_large,2,309446.154,357376
baseline,read_insert_large,3,314572.464,357376
baseline,read_insert_large,4,319201.667,357376
baseline,read_insert_large,5,310858.824,357376
baseline,select_simple,1,629.033,1440
baseline,select_simple,2,614.07,1440
baseline,select_simple,3,634.363,1440
baseline,select_simple,4,654.696,1440
baseline,select_simple,5,624.461,1440
baseline,classify_insert,1,403.458,896
baseline,classify_insert,2,393.562,896
baseline,classify_insert,3,374.891,896
baseline,classify_insert,4,391.675,896
baseline,classify_insert,5,374.393,896
baseline,config_custom,1,3158.781,10288
baseline,config_custom,2,2880.22,10288
baseline,config_custom,3,2936.147,10288
baseline,config_custom,4,3335.943,10288
baseline,config_custom,5,2932.414,10288
baseline,read_insert_quoted_large,1,376443.333,110528
baseline,read_insert_quoted_large,2,383618.966,110528
baseline,read_insert_quoted_large,3,385260,110528
baseline,read_insert_quoted_large,4,371341.667,110528
baseline,read_insert_quoted_large,5,396029.31,110528
baseline,index_missing,1,60569.76,63112
baseline,index_missing,2,54808.431,63112
baseline,index_missing,3,49388.914,50728
baseline,index_missing,4,58874.091,50728
baseline,index_missing,5,63756.659,50728
baseline,end_mybatis_single,1,37.275,0
baseline,end_mybatis_single,2,34.761,0
baseline,end_mybatis_single,3,37.204,0
baseline,end_mybatis_single,4,36.273,0
baseline,end_mybatis_single,5,36.368,0
baseline,end_hash,1,480.021,288
baseline,end_hash,2,469.66,288
baseline,end_hash,3,479.29,288
baseline,end_hash,4,481.382,288
baseline,end_hash,5,482.887,288
baseline,next_hash,1,525.908,336
baseline,next_hash,2,506.434,336
baseline,next_hash,3,490.736,336
baseline,next_hash,4,548.031,336
baseline,next_hash,5,500.007,336
baseline,tokenize_custom,1,2308.936,600
baseline,tokenize_custom,2,1506.248,600
baseline,tokenize_custom,3,1547.374,600
baseline,tokenize_custom,4,1446.309,600
baseline,tokenize_custom,5,1396.854,600
baseline,tokenize_comments,1,6239.72,2464
baseline,tokenize_comments,2,3359.496,2464
baseline,tokenize_comments,3,3278.927,2464
baseline,tokenize_comments,4,3195.916,2464
baseline,tokenize_comments,5,3357.327,2464
baseline,next_custom,1,266.996,48
baseline,next_custom,2,239.583,48
baseline,next_custom,3,239.198,48
baseline,next_custom,4,245.456,48
baseline,next_custom,5,243.868,48
baseline,next_mybatis_single,1,64.362,48
baseline,next_mybatis_single,2,63.188,48
baseline,next_mybatis_single,3,59.793,48
baseline,next_mybatis_single,4,66.72,48
baseline,next_mybatis_single,5,62.306,48
baseline,read_insert,1,94.738,224
baseline,read_insert,2,95.344,224
baseline,read_insert,3,94.537,224
baseline,read_insert,4,105.976,224
baseline,read_insert,5,97.573,224
baseline,walk_bounds_large,1,55275.73,0
baseline,walk_bounds_large,2,46662.187,0
baseline,walk_bounds_large,3,46332.159,0
baseline,walk_bounds_large,4,44619.444,0
baseline,walk_bounds_large,5,45058.499,0
baseline,next_hash_operator,1,274.13,48
baseline,next_hash_operator,2,249.648,48
baseline,next_hash_operator,3,241.647,48
baseline,next_hash_operator,4,258.236,48
baseline,next_hash_operator,5,248.462,48
baseline,index_sensitive,1,564.539,600
baseline,index_sensitive,2,499.655,600
baseline,index_sensitive,3,467.805,480
baseline,index_sensitive,4,471.71,480
baseline,index_sensitive,5,437.829,480
baseline,tokenize_large,1,74859.126,38120
baseline,tokenize_large,2,53628.535,38120
baseline,tokenize_large,3,50332.933,38120
baseline,tokenize_large,4,54661.779,38120
baseline,tokenize_large,5,50354.987,38120
baseline,end_hash_operator,1,181.199,0
baseline,end_hash_operator,2,184.237,0
baseline,end_hash_operator,3,173.773,0
baseline,end_hash_operator,4,182.11,0
baseline,end_hash_operator,5,173.786,0
baseline,read_insert_simple,1,12317.591,16928
baseline,read_insert_simple,2,11787.225,16928
baseline,read_insert_simple,3,12116.445,16928
baseline,read_insert_simple,4,12704.712,16928
baseline,read_insert_simple,5,12002.429,16928
baseline,read_insert_executable_comment,1,122.996,248
baseline,read_insert_executable_comment,2,126.311,248
baseline,read_insert_executable_comment,3,110.663,248
baseline,read_insert_executable_comment,4,129.58,248
baseline,read_insert_executable_comment,5,120.787,248
baseline,read_insert_mutation,1,336.606,520
baseline,read_insert_mutation,2,319.053,520
baseline,read_insert_mutation,3,320.254,520
baseline,read_insert_mutation,4,342.148,520
baseline,read_insert_mutation,5,327.284,520
baseline,walk_tokens_large,1,138655.556,25792
baseline,walk_tokens_large,2,127507.453,25792
baseline,walk_tokens_large,3,128026.241,25792
baseline,walk_tokens_large,4,127828.431,25792
baseline,walk_tokens_large,5,128648.214,25792
baseline,select_parenthesized,1,456.33,896
baseline,select_parenthesized,2,440.401,896
baseline,select_parenthesized,3,452.02,896
baseline,select_parenthesized,4,477.78,896
baseline,select_parenthesized,5,444.935,896
baseline,next_trivia,1,172.218,48
baseline,next_trivia,2,128.142,48
baseline,next_trivia,3,118.93,48
baseline,next_trivia,4,125.252,48
baseline,next_trivia,5,124.449,48
baseline,next_word,1,81.242,48
baseline,next_word,2,74.07,48
baseline,next_word,3,77.224,48
baseline,next_word,4,76.075,48
baseline,next_word,5,76.715,48
baseline,tokenize_long_quote,1,51447.283,17672
baseline,tokenize_long_quote,2,50956.295,17672
baseline,tokenize_long_quote,3,48085.567,17672
baseline,tokenize_long_quote,4,50753.01,17672
baseline,tokenize_long_quote,5,45387.062,17672
baseline,tokenize_simple,1,1877.078,1216
baseline,tokenize_simple,2,1221.586,1216
baseline,tokenize_simple,3,1171.2,1216
baseline,tokenize_simple,4,1214.867,1216
baseline,tokenize_simple,5,1202.872,1216
baseline,walk_bounds_hash,1,126716.667,127008
baseline,walk_bounds_hash,2,125620.548,127008
baseline,walk_bounds_hash,3,121519.88,127008
baseline,walk_bounds_hash,4,126718.405,127008
baseline,walk_bounds_hash,5,124397.674,127008
baseline,walk_tokens_hash,1,321942.424,255456
baseline,walk_tokens_hash,2,240864.384,255456
baseline,walk_tokens_hash,3,240855.814,255456
baseline,walk_tokens_hash,4,264679.221,255456
baseline,walk_tokens_hash,5,249135.714,255456
baseline,tokenize_dense_concat_256,1,16309.372,2200
baseline,tokenize_dense_concat_256,2,11390.083,2200
baseline,tokenize_dense_concat_256,3,10425.36,2200
baseline,tokenize_dense_concat_256,4,10880.214,2200
baseline,tokenize_dense_concat_256,5,10717.654,2200
baseline,classify_replace,1,126.437,192
baseline,classify_replace,2,136.193,192
baseline,classify_replace,3,129.569,192
baseline,classify_replace,4,131.903,192
baseline,classify_replace,5,132.236,192
baseline,next_quote,1,20253.984,8760
baseline,next_quote,2,21929.412,8760
baseline,next_quote,3,18194.743,8760
baseline,next_quote,4,21946.476,8760
baseline,next_quote,5,19673.743,8760
baseline,tokenize_dense_concat_8192,1,591903.077,61720
baseline,tokenize_dense_concat_8192,2,330880,61720
baseline,tokenize_dense_concat_8192,3,322520.635,61720
baseline,tokenize_dense_concat_8192,4,364104.412,61720
baseline,tokenize_dense_concat_8192,5,321987.5,61720
baseline,read_insert_upsert,1,2306.12,2696
baseline,read_insert_upsert,2,1992.512,2696
baseline,read_insert_upsert,3,2009.562,2696
baseline,read_insert_upsert,4,2197.914,2696
baseline,read_insert_upsert,5,2063.528,2696
baseline,tokenize_array,1,11449.266,4248
baseline,tokenize_array,2,12203.681,4248
baseline,tokenize_array,3,11335.01,4248
baseline,tokenize_array,4,12412.389,4248
baseline,tokenize_array,5,11686.937,4248
baseline,index_custom_composite,1,1377.532,864
baseline,index_custom_composite,2,1203.774,864
baseline,index_custom_composite,3,1158.865,792
baseline,index_custom_composite,4,1502.538,792
baseline,index_custom_composite,5,1486.834,792
baseline,walk_bounds_simple,1,997.397,0
baseline,walk_bounds_simple,2,982.648,0
baseline,walk_bounds_simple,3,995.84,0
baseline,walk_bounds_simple,4,1041.835,0
baseline,walk_bounds_simple,5,968.223,0
baseline,tokenize_tiny,1,111.639,200
baseline,tokenize_tiny,2,112.495,200
baseline,tokenize_tiny,3,105.657,200
baseline,tokenize_tiny,4,113.363,200
baseline,tokenize_tiny,5,109.504,200
baseline,read_insert_hash,1,2632360,2562784
baseline,read_insert_hash,2,2519625,2562784
baseline,read_insert_hash,3,2491212.5,2562784
baseline,read_insert_hash,4,2705271.429,2562784
baseline,read_insert_hash,5,2528544.444,2562784
baseline,config_default,1,3846.24,9880
baseline,config_default,2,2959.981,9880
baseline,config_default,3,2785.954,9880
baseline,config_default,4,3258.328,9880
baseline,config_default,5,2679.552,9880
baseline,classify_delete,1,600.173,960
baseline,classify_delete,2,403.415,960
baseline,classify_delete,3,385.525,960
baseline,classify_delete,4,422.37,960
baseline,classify_delete,5,426.22,960
baseline,index_quoted,1,56754.074,17688
baseline,index_quoted,2,51323.792,17688
baseline,index_quoted,3,48196.887,17664
baseline,index_quoted,4,59144,17664
baseline,index_quoted,5,53191.406,17664
baseline,index_from_inside_quote,1,447.101,512
baseline,index_from_inside_quote,2,409.803,512
baseline,index_from_inside_quote,3,396.675,464
baseline,index_from_inside_quote,4,419.751,464
baseline,index_from_inside_quote,5,384.489,464
baseline,read_executable_comment,1,142.029,248
baseline,read_executable_comment,2,118.945,248
baseline,read_executable_comment,3,112.401,248
baseline,read_executable_comment,4,117.556,248
baseline,read_executable_comment,5,115.387,248
baseline,read_mutation,1,395.844,520
baseline,read_mutation,2,304.038,520
baseline,read_mutation,3,313.753,520
baseline,read_mutation,4,306.747,520
baseline,read_mutation,5,314.579,520
baseline,index_composite_comments,1,791.064,864
baseline,index_composite_comments,2,745.496,864
baseline,index_composite_comments,3,677.598,792
baseline,index_composite_comments,4,758.087,792
baseline,index_composite_comments,5,666.109,792
baseline,read_large,1,202353.571,140992
baseline,read_large,2,161481.046,140896
baseline,read_large,3,160618.792,140992
baseline,read_large,4,170944.286,140992
baseline,read_large,5,164774.444,140896
baseline,read_upsert,1,153.561,344
baseline,read_upsert,2,147.387,344
baseline,read_upsert,3,146.211,344
baseline,read_upsert,4,144.103,344
baseline,read_upsert,5,145.761,344
baseline,tokenize_dense_concat_4096,1,358889.147,31000
baseline,tokenize_dense_concat_4096,2,163181.102,31000
baseline,tokenize_dense_concat_4096,3,165560.305,31000
baseline,tokenize_dense_concat_4096,4,159162.222,31000
baseline,tokenize_dense_concat_4096,5,162408.527,31000
baseline,read_literal,1,4043.987,4032
baseline,read_literal,2,3562.164,3936
baseline,read_literal,3,3598.876,4032
baseline,read_literal,4,3668.339,4032
baseline,read_literal,5,3661.268,3936
baseline,read_insert_insert,1,4989.671,7168
baseline,read_insert_insert,2,4883.096,7168
baseline,read_insert_insert,3,4736.885,7168
baseline,read_insert_insert,4,4747.131,7168
baseline,read_insert_insert,5,4934.399,7168
baseline,read_comments,1,25719.487,16448
baseline,read_comments,2,20465.741,16352
baseline,read_comments,3,19348.062,16448
baseline,read_comments,4,19683.562,16448
baseline,read_comments,5,20384.483,16352
baseline,index_late,1,109476.214,77024
baseline,index_late,2,103582.895,77024
baseline,index_late,3,95733.632,64616
baseline,index_late,4,105481.938,64616
baseline,index_late,5,126834.978,64616
baseline,end_trivia,1,104.587,0
baseline,end_trivia,2,93.25,0
baseline,end_trivia,3,96.595,0
baseline,end_trivia,4,92.253,0
baseline,end_trivia,5,92.672,0
baseline,read_quoted_large,1,286177.465,107904
baseline,read_quoted_large,2,261193.103,107808
baseline,read_quoted_large,3,278495.89,107904
baseline,read_quoted_large,4,283888.235,107904
baseline,read_quoted_large,5,277894.231,107808
baseline,tokenize_mybatis,1,7128.52,5752
baseline,tokenize_mybatis,2,5598.985,5752
baseline,tokenize_mybatis,3,5174.309,5752
baseline,tokenize_mybatis,4,5427.473,5752
baseline,tokenize_mybatis,5,5261.711,5752
baseline,select_cte,1,2782.111,4896
baseline,select_cte,2,2620.83,4896
baseline,select_cte,3,2673.183,4896
baseline,select_cte,4,2623.925,4896
baseline,select_cte,5,2565.411,4896
baseline,read_insert_multiple,1,4251.442,6208
baseline,read_insert_multiple,2,3924.47,6208
baseline,read_insert_multiple,3,3858.309,6208
baseline,read_insert_multiple,4,4052.229,6208
baseline,read_insert_multiple,5,3916.147,6208
baseline,index_hash,1,125840.23,129240
baseline,index_hash,2,122778.358,129240
baseline,index_hash,3,124709.615,128880
baseline,index_hash,4,135395.42,128880
baseline,index_hash,5,125244.231,128880
baseline,tokenize_hash_rows,1,2485275,331144
baseline,tokenize_hash_rows,2,1862416.667,331144
baseline,tokenize_hash_rows,3,1798283.333,331144
baseline,tokenize_hash_rows,4,1922554.545,331144
baseline,tokenize_hash_rows,5,1967066.667,331144
baseline,index_near_matches,1,3198437.5,3287712
baseline,index_near_matches,2,2933950,3287712
baseline,index_near_matches,3,2825662.5,3275376
baseline,index_near_matches,4,3299657.143,3275376
baseline,index_near_matches,5,2726540,3275376
baseline,read_insert_cte,1,24715.035,34976
baseline,read_insert_cte,2,23517.935,34976
baseline,read_insert_cte,3,24376.705,34976
baseline,read_insert_cte,4,25337.348,34976
baseline,read_insert_cte,5,25487.118,34976
baseline,read_multiple,1,2592.406,4352
baseline,read_multiple,2,2465.103,4256
baseline,read_multiple,3,2410.256,4352
baseline,read_multiple,4,2567.069,4352
baseline,read_multiple,5,2499.866,4256
baseline,end_word,1,52.223,0
baseline,end_word,2,46.755,0
baseline,end_word,3,50.588,0
baseline,end_word,4,47.806,0
baseline,end_word,5,46.188,0
baseline,tokenize_hash_identifiers,1,63204.886,65528
baseline,tokenize_hash_identifiers,2,62313.897,65528
baseline,tokenize_hash_identifiers,3,60182.258,65528
baseline,tokenize_hash_identifiers,4,63555.723,65528
baseline,tokenize_hash_identifiers,5,66409.953,65528
baseline,read_hash,1,1660823.077,1534112
baseline,read_hash,2,1509300,1534016
baseline,read_hash,3,1484246.154,1534112
baseline,read_hash,4,1595221.429,1534112
baseline,read_hash,5,1510444.444,1534016
baseline,index_early,1,223.266,120
baseline,index_early,2,197.364,120
baseline,index_early,3,199.585,120
baseline,index_early,4,207.454,120
baseline,index_early,5,195.243,120
baseline,end_quote,1,12857.849,0
baseline,end_quote,2,8195.222,0
baseline,end_quote,3,7892.843,0
baseline,end_quote,4,14962.678,0
baseline,end_quote,5,10522.402,0
baseline,tokenize_mybatis_single,1,71.91,152
baseline,tokenize_mybatis_single,2,76.929,152
baseline,tokenize_mybatis_single,3,67.086,152
baseline,tokenize_mybatis_single,4,72.776,152
baseline,tokenize_mybatis_single,5,69.685,152
baseline,tokenize_keep_comments,1,5974.271,3504
baseline,tokenize_keep_comments,2,4253.954,3504
baseline,tokenize_keep_comments,3,4128.235,3504
baseline,tokenize_keep_comments,4,4333.333,3504
baseline,tokenize_keep_comments,5,4106.829,3504
baseline,read_insert_comments,1,50776.658,33664
baseline,read_insert_comments,2,35240.888,33664
baseline,read_insert_comments,3,36456.324,33664
baseline,read_insert_comments,4,37038.997,33664
baseline,read_insert_comments,5,36793.44,33664
baseline,tokenize_unicode,1,897.099,1088
baseline,tokenize_unicode,2,807.333,1088
baseline,tokenize_unicode,3,850.331,1088
baseline,tokenize_unicode,4,828.023,1088
baseline,tokenize_unicode,5,816.227,1088
baseline,select_quotes,1,419.768,960
baseline,select_quotes,2,424.005,960
baseline,select_quotes,3,416.013,960
baseline,select_quotes,4,448.793,960
baseline,select_quotes,5,448.958,960
baseline,read_mysql_dash,1,414.785,544
baseline,read_mysql_dash,2,327.785,544
baseline,read_mysql_dash,3,330.857,544
baseline,read_mysql_dash,4,356.555,544
baseline,read_mysql_dash,5,335.145,544
baseline,walk_tokens_simple,1,2971.301,816
baseline,walk_tokens_simple,2,2732.822,816
baseline,walk_tokens_simple,3,2699.317,816
baseline,walk_tokens_simple,4,2784.66,816
baseline,walk_tokens_simple,5,2670.233,816
baseline,read_simple,1,7498.23,7392
baseline,read_simple,2,6022.787,7296
baseline,read_simple,3,5923.045,7392
baseline,read_simple,4,6116.212,7392
baseline,read_simple,5,6027.513,7296
baseline,tokenize_dense_concat_1024,1,67934.862,7960
baseline,tokenize_dense_concat_1024,2,43713.453,7960
baseline,tokenize_dense_concat_1024,3,40889.526,7960
baseline,tokenize_dense_concat_1024,4,41323.748,7960
baseline,tokenize_dense_concat_1024,5,40491.192,7960
baseline,index_composite,1,2576.299,2592
baseline,index_composite,2,2536.052,2592
baseline,index_composite,3,2368.733,2256
baseline,index_composite,4,2570.023,2256
baseline,index_composite,5,2751.251,2256
baseline,index_custom_separator,1,1641.6,1112
baseline,index_custom_separator,2,1713.488,1112
baseline,index_custom_separator,3,1453.366,968
baseline,index_custom_separator,4,1744.45,968
baseline,index_custom_separator,5,2155.984,968
baseline,next_empty,1,74.718,0
baseline,next_empty,2,64.6,0
baseline,next_empty,3,59.96,0
baseline,next_empty,4,65.367,0
baseline,next_empty,5,60.437,0
baseline,end_empty,1,47.316,0
baseline,end_empty,2,44.798,0
baseline,end_empty,3,44.042,0
baseline,end_empty,4,57.203,0
baseline,end_empty,5,44.192,0
baseline,read_cte,1,17135.112,20064
baseline,read_cte,2,15092.013,19968
baseline,read_cte,3,14977.632,20064
baseline,read_cte,4,15396.14,20064
baseline,read_cte,5,16060.055,19968
baseline,select_ambiguous,1,473.732,1056
baseline,select_ambiguous,2,434.847,1056
baseline,select_ambiguous,3,472.184,1056
baseline,select_ambiguous,4,476.182,1056
baseline,select_ambiguous,5,476.674,1056
baseline,read_insert_mysql_dash,1,427.964,544
baseline,read_insert_mysql_dash,2,336.454,544
baseline,read_insert_mysql_dash,3,329.657,544
baseline,read_insert_mysql_dash,4,334.776,544
baseline,read_insert_mysql_dash,5,341.464,544
baseline-control,tokenize_backslashes,1,379.861,488
baseline-control,tokenize_backslashes,2,359.065,488
baseline-control,tokenize_backslashes,3,314.914,488
baseline-control,walk_tokens_comments,1,8354.083,1920
baseline-control,walk_tokens_comments,2,8917.472,1920
baseline-control,walk_tokens_comments,3,6882.245,1920
baseline-control,read_insert_literal,1,6084.13,7424
baseline-control,read_insert_literal,2,6460.515,7424
baseline-control,read_insert_literal,3,5739.65,7424
baseline-control,tokenize_hash_operator,1,109.448,104
baseline-control,tokenize_hash_operator,2,109.961,104
baseline-control,tokenize_hash_operator,3,112.818,104
baseline-control,walk_bounds_comments,1,2992.261,0
baseline-control,walk_bounds_comments,2,3015.468,0
baseline-control,walk_bounds_comments,3,3229.316,0
baseline-control,end_custom,1,116.121,0
baseline-control,end_custom,2,116.713,0
baseline-control,end_custom,3,122.002,0
baseline-control,index_whitespace,1,94.349,72
baseline-control,index_whitespace,2,101.531,72
baseline-control,index_whitespace,3,96.192,72
baseline-control,classify_update,1,359.887,864
baseline-control,classify_update,2,347.993,864
baseline-control,classify_update,3,354.092,864
baseline-control,read_insert_large,1,307839.344,357376
baseline-control,read_insert_large,2,316273.846,357376
baseline-control,read_insert_large,3,310736.986,357376
baseline-control,select_simple,1,622.635,1440
baseline-control,select_simple,2,634.586,1440
baseline-control,select_simple,3,606.67,1440
baseline-control,classify_insert,1,379.967,896
baseline-control,classify_insert,2,396.355,896
baseline-control,classify_insert,3,372.356,896
baseline-control,config_custom,1,2868.469,10288
baseline-control,config_custom,2,3001.983,10288
baseline-control,config_custom,3,3071.13,10288
baseline-control,read_insert_quoted_large,1,358916.667,110528
baseline-control,read_insert_quoted_large,2,380769.492,110528
baseline-control,read_insert_quoted_large,3,356520.635,110528
baseline-control,index_missing,1,48370.386,50728
baseline-control,index_missing,2,50994.157,50728
baseline-control,index_missing,3,48321.889,50728
baseline-control,end_mybatis_single,1,27.843,0
baseline-control,end_mybatis_single,2,29.434,0
baseline-control,end_mybatis_single,3,35.009,0
baseline-control,end_hash,1,476.802,288
baseline-control,end_hash,2,500.148,288
baseline-control,end_hash,3,340.298,288
baseline-control,next_hash,1,471.087,336
baseline-control,next_hash,2,492.854,336
baseline-control,next_hash,3,365.333,336
baseline-control,tokenize_custom,1,1379.513,600
baseline-control,tokenize_custom,2,1369.514,600
baseline-control,tokenize_custom,3,1342.769,600
baseline-control,tokenize_comments,1,3309.365,2464
baseline-control,tokenize_comments,2,3222.125,2464
baseline-control,tokenize_comments,3,2864.347,2464
baseline-control,next_custom,1,242.195,48
baseline-control,next_custom,2,238.192,48
baseline-control,next_custom,3,129.665,48
baseline-control,next_mybatis_single,1,46.086,48
baseline-control,next_mybatis_single,2,55.784,48
baseline-control,next_mybatis_single,3,62.192,48
baseline-control,read_insert,1,93.774,224
baseline-control,read_insert,2,94.476,224
baseline-control,read_insert,3,98.005,224
baseline-control,walk_bounds_large,1,43216.795,0
baseline-control,walk_bounds_large,2,39370.778,0
baseline-control,walk_bounds_large,3,44693.671,0
baseline-control,next_hash_operator,1,245.891,48
baseline-control,next_hash_operator,2,252.066,48
baseline-control,next_hash_operator,3,129.797,48
baseline-control,index_sensitive,1,412.559,480
baseline-control,index_sensitive,2,430.061,480
baseline-control,index_sensitive,3,440.39,480
baseline-control,tokenize_large,1,52869.175,38120
baseline-control,tokenize_large,2,50759.045,38120
baseline-control,tokenize_large,3,48440.506,38120
baseline-control,end_hash_operator,1,166.881,0
baseline-control,end_hash_operator,2,175.746,0
baseline-control,end_hash_operator,3,114.393,0
baseline-control,read_insert_simple,1,11747.298,16928
baseline-control,read_insert_simple,2,11860.145,16928
baseline-control,read_insert_simple,3,11294.729,16928
baseline-control,read_insert_executable_comment,1,114.985,248
baseline-control,read_insert_executable_comment,2,116.801,248
baseline-control,read_insert_executable_comment,3,114.692,248
baseline-control,read_insert_mutation,1,331.342,520
baseline-control,read_insert_mutation,2,333.574,520
baseline-control,read_insert_mutation,3,312.136,520
baseline-control,walk_tokens_large,1,116740.761,25792
baseline-control,walk_tokens_large,2,120283.14,25792
baseline-control,walk_tokens_large,3,96387.727,25792
baseline-control,select_parenthesized,1,449.582,896
baseline-control,select_parenthesized,2,452.431,896
baseline-control,select_parenthesized,3,439.549,896
baseline-control,next_trivia,1,95.083,48
baseline-control,next_trivia,2,111.107,48
baseline-control,next_trivia,3,119.241,48
baseline-control,next_word,1,55.381,48
baseline-control,next_word,2,62.604,48
baseline-control,next_word,3,74.089,48
baseline-control,tokenize_long_quote,1,48782.488,17672
baseline-control,tokenize_long_quote,2,43691.068,17672
baseline-control,tokenize_long_quote,3,48641.93,17672
baseline-control,tokenize_simple,1,1194.293,1216
baseline-control,tokenize_simple,2,1137.548,1216
baseline-control,tokenize_simple,3,1082.52,1216
baseline-control,walk_bounds_hash,1,119888.889,127008
baseline-control,walk_bounds_hash,2,115299.441,127008
baseline-control,walk_bounds_hash,3,116205.464,127008
baseline-control,walk_tokens_hash,1,234264.912,255456
baseline-control,walk_tokens_hash,2,256183.051,255456
baseline-control,walk_tokens_hash,3,230314.286,255456
baseline-control,tokenize_dense_concat_256,1,10632.709,2200
baseline-control,tokenize_dense_concat_256,2,11804.149,2200
baseline-control,tokenize_dense_concat_256,3,10508.371,2200
baseline-control,classify_replace,1,135.115,192
baseline-control,classify_replace,2,130.831,192
baseline-control,classify_replace,3,124.146,192
baseline-control,next_quote,1,19216.081,8760
baseline-control,next_quote,2,19494.026,8760
baseline-control,next_quote,3,19183.209,8760
baseline-control,tokenize_dense_concat_8192,1,335663.636,61720
baseline-control,tokenize_dense_concat_8192,2,329932.308,61720
baseline-control,tokenize_dense_concat_8192,3,313230.909,61720
baseline-control,read_insert_upsert,1,2017.748,2696
baseline-control,read_insert_upsert,2,2019.83,2696
baseline-control,read_insert_upsert,3,1972.856,2696
baseline-control,tokenize_array,1,12030.841,4248
baseline-control,tokenize_array,2,10913.002,4248
baseline-control,tokenize_array,3,11573.514,4248
baseline-control,index_custom_composite,1,1081.087,792
baseline-control,index_custom_composite,2,1169.246,792
baseline-control,index_custom_composite,3,1152.543,792
baseline-control,walk_bounds_simple,1,834.034,0
baseline-control,walk_bounds_simple,2,793.665,0
baseline-control,walk_bounds_simple,3,947.215,0
baseline-control,tokenize_tiny,1,113.416,200
baseline-control,tokenize_tiny,2,119.303,200
baseline-control,tokenize_tiny,3,97.114,200
baseline-control,read_insert_hash,1,2476366.667,2562784
baseline-control,read_insert_hash,2,2452833.333,2562784
baseline-control,read_insert_hash,3,2339233.333,2562784
baseline-control,config_default,1,2719.551,9880
baseline-control,config_default,2,2786.216,9880
baseline-control,config_default,3,3060.228,9880
baseline-control,classify_delete,1,387.51,960
baseline-control,classify_delete,2,397.719,960
baseline-control,classify_delete,3,392.19,960
baseline-control,index_quoted,1,54269.697,17664
baseline-control,index_quoted,2,54230.352,17664
baseline-control,index_quoted,3,53910.714,17664
baseline-control,index_from_inside_quote,1,349.208,464
baseline-control,index_from_inside_quote,2,373.381,464
baseline-control,index_from_inside_quote,3,373.887,464
baseline-control,read_executable_comment,1,112.153,248
baseline-control,read_executable_comment,2,113.656,248
baseline-control,read_executable_comment,3,112.733,248
baseline-control,read_mutation,1,327.993,520
baseline-control,read_mutation,2,324.767,520
baseline-control,read_mutation,3,313.559,520
baseline-control,index_composite_comments,1,597.378,792
baseline-control,index_composite_comments,2,647.192,792
baseline-control,index_composite_comments,3,692.024,792
baseline-control,read_large,1,154116.667,140992
baseline-control,read_large,2,159693.182,140992
baseline-control,read_large,3,150359.355,140992
baseline-control,read_upsert,1,151.903,344
baseline-control,read_upsert,2,147.571,344
baseline-control,read_upsert,3,144.722,344
baseline-control,tokenize_dense_concat_4096,1,164410.687,31000
baseline-control,tokenize_dense_concat_4096,2,164563.158,31000
baseline-control,tokenize_dense_concat_4096,3,163169.767,31000
baseline-control,read_literal,1,3627.468,4032
baseline-control,read_literal,2,3955.162,4032
baseline-control,read_literal,3,3527.382,4032
baseline-control,read_insert_insert,1,4553.149,7168
baseline-control,read_insert_insert,2,4725.428,7168
baseline-control,read_insert_insert,3,4580.066,7168
baseline-control,read_comments,1,19701.667,16448
baseline-control,read_comments,2,20393.188,16448
baseline-control,read_comments,3,18124.758,16448
baseline-control,index_late,1,95663.598,64616
baseline-control,index_late,2,98837.281,64616
baseline-control,index_late,3,95602.336,64616
baseline-control,end_trivia,1,76.739,0
baseline-control,end_trivia,2,79.52,0
baseline-control,end_trivia,3,93.825,0
baseline-control,read_quoted_large,1,279018.571,107904
baseline-control,read_quoted_large,2,284264.474,107904
baseline-control,read_quoted_large,3,265117.333,107904
baseline-control,tokenize_mybatis,1,5629.069,5752
baseline-control,tokenize_mybatis,2,5163.972,5752
baseline-control,tokenize_mybatis,3,5074.458,5752
baseline-control,select_cte,1,2634.318,4896
baseline-control,select_cte,2,2748.183,4896
baseline-control,select_cte,3,2624.858,4896
baseline-control,read_insert_multiple,1,3813.692,6208
baseline-control,read_insert_multiple,2,4000.647,6208
baseline-control,read_insert_multiple,3,3681.857,6208
baseline-control,index_hash,1,125697.143,128880
baseline-control,index_hash,2,121326.012,128880
baseline-control,index_hash,3,122266.48,128880
baseline-control,tokenize_hash_rows,1,1921818.182,331144
baseline-control,tokenize_hash_rows,2,1967890.909,331144
baseline-control,tokenize_hash_rows,3,1266731.25,331144
baseline-control,index_near_matches,1,2640288.889,3275376
baseline-control,index_near_matches,2,2792400,3275376
baseline-control,index_near_matches,3,2698412.5,3275376
baseline-control,read_insert_cte,1,23749.317,34976
baseline-control,read_insert_cte,2,24754.557,34976
baseline-control,read_insert_cte,3,23202.928,34976
baseline-control,read_multiple,1,2481.252,4352
baseline-control,read_multiple,2,2733.07,4352
baseline-control,read_multiple,3,2455.289,4352
baseline-control,end_word,1,36.613,0
baseline-control,end_word,2,37.096,0
baseline-control,end_word,3,46.195,0
baseline-control,tokenize_hash_identifiers,1,58944.345,65528
baseline-control,tokenize_hash_identifiers,2,58913.333,65528
baseline-control,tokenize_hash_identifiers,3,58881.395,65528
baseline-control,read_hash,1,1531685.714,1534112
baseline-control,read_hash,2,1458655.556,1534112
baseline-control,read_hash,3,1435855.556,1534112
baseline-control,index_early,1,164.25,120
baseline-control,index_early,2,179.197,120
baseline-control,index_early,3,189.191,120
baseline-control,end_quote,1,12298.413,0
baseline-control,end_quote,2,10864.982,0
baseline-control,end_quote,3,12153.143,0
baseline-control,tokenize_mybatis_single,1,72.557,152
baseline-control,tokenize_mybatis_single,2,72.128,152
baseline-control,tokenize_mybatis_single,3,67.89,152
baseline-control,tokenize_keep_comments,1,4351.653,3504
baseline-control,tokenize_keep_comments,2,4107.05,3504
baseline-control,tokenize_keep_comments,3,3928.388,3504
baseline-control,read_insert_comments,1,35628.904,33664
baseline-control,read_insert_comments,2,35588.519,33664
baseline-control,read_insert_comments,3,33446.449,33664
baseline-control,tokenize_unicode,1,788.705,1088
baseline-control,tokenize_unicode,2,772.846,1088
baseline-control,tokenize_unicode,3,707.041,1088
baseline-control,select_quotes,1,413.4,960
baseline-control,select_quotes,2,449.729,960
baseline-control,select_quotes,3,436.868,960
baseline-control,read_mysql_dash,1,330.076,544
baseline-control,read_mysql_dash,2,329.76,544
baseline-control,read_mysql_dash,3,322.791,544
baseline-control,walk_tokens_simple,1,2278.424,816
baseline-control,walk_tokens_simple,2,2446.373,816
baseline-control,walk_tokens_simple,3,2170.189,816
baseline-control,read_simple,1,5928.576,7392
baseline-control,read_simple,2,5965.928,7392
baseline-control,read_simple,3,5724.905,7392
baseline-control,tokenize_dense_concat_1024,1,42789.401,7960
baseline-control,tokenize_dense_concat_1024,2,41001.86,7960
baseline-control,tokenize_dense_concat_1024,3,39941.299,7960
baseline-control,index_composite,1,2243.286,2256
baseline-control,index_composite,2,2307.732,2256
baseline-control,index_composite,3,2333.401,2256
baseline-control,index_custom_separator,1,1472.836,968
baseline-control,index_custom_separator,2,1691.754,968
baseline-control,index_custom_separator,3,1629.662,968
baseline-control,next_empty,1,57.505,0
baseline-control,next_empty,2,65.034,0
baseline-control,next_empty,3,60.357,0
baseline-control,end_empty,1,39.733,0
baseline-control,end_empty,2,41.455,0
baseline-control,end_empty,3,45.551,0
baseline-control,read_cte,1,15432.523,20064
baseline-control,read_cte,2,15686.981,20064
baseline-control,read_cte,3,15071.788,20064
baseline-control,select_ambiguous,1,444.493,1056
baseline-control,select_ambiguous,2,463.449,1056
baseline-control,select_ambiguous,3,437.107,1056
baseline-control,read_insert_mysql_dash,1,337.028,544
baseline-control,read_insert_mysql_dash,2,333.241,544
baseline-control,read_insert_mysql_dash,3,332.354,544
before,tokenize_backslashes,1,279.357,488
before,walk_tokens_comments,1,3638.948,5760
before,read_insert_literal,1,6488.944,8048
before,tokenize_hash_operator,1,38,152
before,walk_bounds_comments,1,1378.795,1920
before,end_custom,1,19.276,48
before,index_whitespace,1,83.848,120
before,classify_update,1,374.428,1104
before,read_insert_large,1,354292.5,453200
before,select_simple,1,646.021,1680
before,classify_insert,1,389.494,1136
before,config_custom,1,4816.826,13560
before,read_insert_quoted_large,1,466114.583,251280
before,index_missing,1,24559.669,32152
before,end_mybatis_single,1,30.552,48
before,end_hash,1,162.411,344
before,next_hash,1,191.865,392
before,tokenize_custom,1,396.736,632
before,tokenize_comments,1,1294.942,2464
before,next_custom,1,37.32,96
before,next_mybatis_single,1,49.9,96
before,read_insert,1,101.329,320
before,walk_bounds_large,1,21515.09,24768
before,next_hash_operator,1,55.738,96
before,index_sensitive,1,403.095,528
before,tokenize_large,1,25980.712,38120
before,end_hash_operator,1,34.412,48
before,read_insert_simple,1,13334.871,20816
before,read_insert_executable_comment,1,119.123,344
before,read_insert_mutation,1,305.876,712
before,walk_tokens_large,1,51164.341,75328
before,select_parenthesized,1,455.727,1136
before,next_trivia,1,108.255,96
before,next_word,1,53.746,96
before,tokenize_long_quote,1,11439.386,17672
before,tokenize_simple,1,708.385,1216
before,walk_bounds_hash,1,23756.925,43968
before,walk_tokens_hash,1,49760.798,89376
before,tokenize_dense_concat_256,1,4613.805,2200
before,classify_replace,1,126.925,240
before,next_quote,1,20882.893,8808
before,tokenize_dense_concat_8192,1,133626.452,61720
before,read_insert_upsert,1,2427.294,3368
before,tokenize_array,1,2897.929,4248
before,index_custom_composite,1,773.194,888
before,walk_bounds_simple,1,556.042,816
before,tokenize_tiny,1,98.785,200
before,read_insert_hash,1,79363.91,98072
before,config_default,1,4658.155,12528
before,classify_delete,1,432.001,1200
before,index_quoted,1,63164.024,17736
before,index_from_inside_quote,1,352.877,464
before,read_executable_comment,1,115.758,344
before,read_mutation,1,294.887,712
before,index_composite_comments,1,452.845,720
before,read_large,1,210236.364,236816
before,read_upsert,1,160.846,440
before,tokenize_dense_concat_4096,1,68121.384,31000
before,read_literal,1,4384.738,5424
before,read_insert_insert,1,5530.371,8368
before,read_comments,1,29067.742,29200
before,index_late,1,24897.281,32560
before,end_trivia,1,77.37,48
before,read_quoted_large,1,364452.459,248656
before,tokenize_mybatis,1,3480.09,5800
before,select_cte,1,2551.422,4944
before,read_insert_multiple,1,4216.868,7216
before,index_hash,1,10095.155,16304
before,tokenize_hash_rows,1,9851.665,5768
before,index_near_matches,1,52474.757,80544
before,read_insert_cte,1,24749.823,38512
before,read_multiple,1,2847.356,5360
before,end_word,1,36.136,48
before,tokenize_hash_identifiers,1,8891.29,16576
before,read_hash,1,63696.573,85464
before,index_early,1,158.962,264
before,end_quote,1,10872.529,48
before,tokenize_mybatis_single,1,66.876,200
before,tokenize_keep_comments,1,2491.467,3504
before,read_insert_comments,1,43368.638,46416
before,tokenize_unicode,1,556.861,1168
before,select_quotes,1,452.415,1200
before,read_mysql_dash,1,312.838,736
before,walk_tokens_simple,1,1401.003,2448
before,read_simple,1,7467.608,11280
before,tokenize_dense_concat_1024,1,17471.611,7960
before,index_composite,1,862.821,1416
before,index_custom_separator,1,122.801,216
before,next_empty,1,64.799,48
before,end_empty,1,39.259,48
before,read_cte,1,16841.634,24368
before,select_ambiguous,1,453.435,1296
before,read_insert_mysql_dash,1,314.584,736
current,tokenize_backslashes,1,233.523,344
current,tokenize_backslashes,2,205.354,344
current,tokenize_backslashes,3,225.158,344
current,tokenize_backslashes,4,219.957,344
current,tokenize_backslashes,5,205.315,344
current,walk_tokens_comments,1,2052.467,192
current,walk_tokens_comments,2,2085.301,192
current,walk_tokens_comments,3,2039.228,192
current,walk_tokens_comments,4,2008.447,192
current,walk_tokens_comments,5,1968.264,192
current,read_insert_literal,1,1168.121,752
current,read_insert_literal,2,1104.087,752
current,read_insert_literal,3,1232.554,752
current,read_insert_literal,4,1244.331,752
current,read_insert_literal,5,1200.01,752
current,tokenize_hash_operator,1,35.63,104
current,tokenize_hash_operator,2,36.8,104
current,tokenize_hash_operator,3,35.874,104
current,tokenize_hash_operator,4,34.787,104
current,tokenize_hash_operator,5,32.475,104
current,walk_bounds_comments,1,986.308,0
current,walk_bounds_comments,2,945.22,0
current,walk_bounds_comments,3,958.049,0
current,walk_bounds_comments,4,1071.797,0
current,walk_bounds_comments,5,977.165,0
current,end_custom,1,14.133,0
current,end_custom,2,13.625,0
current,end_custom,3,14.52,0
current,end_custom,4,15.154,0
current,end_custom,5,13.705,0
current,index_whitespace,1,51.698,0
current,index_whitespace,2,45.234,0
current,index_whitespace,3,47.449,0
current,index_whitespace,4,46.172,0
current,index_whitespace,5,43.212,0
current,classify_update,1,21.872,48
current,classify_update,2,24.68,48
current,classify_update,3,19.547,48
current,classify_update,4,22.691,48
current,classify_update,5,21.055,48
current,read_insert_large,1,66901.485,27280
current,read_insert_large,2,62072.947,27280
current,read_insert_large,3,68419.938,27280
current,read_insert_large,4,65325.073,27280
current,read_insert_large,5,63438.66,27280
current,select_simple,1,21.7,48
current,select_simple,2,25.292,48
current,select_simple,3,22.942,48
current,select_simple,4,21.959,48
current,select_simple,5,18.446,48
current,classify_insert,1,20.154,48
current,classify_insert,2,25.946,48
current,classify_insert,3,20.831,48
current,classify_insert,4,23.202,48
current,classify_insert,5,22.062,48
current,config_custom,1,2686.702,6704
current,config_custom,2,2599.287,6704
current,config_custom,3,2436.334,6704
current,config_custom,4,2298.371,6704
current,config_custom,5,2333.303,6704
current,read_insert_quoted_large,1,9604.574,26816
current,read_insert_quoted_large,2,9588.206,26816
current,read_insert_quoted_large,3,10183.809,26816
current,read_insert_quoted_large,4,10273.721,26816
current,read_insert_quoted_large,5,9921.423,26816
current,index_missing,1,16702.446,0
current,index_missing,2,16978.199,0
current,index_missing,3,18184.394,0
current,index_missing,4,16176.499,0
current,index_missing,5,16250.101,0
current,end_mybatis_single,1,20.756,0
current,end_mybatis_single,2,22.521,0
current,end_mybatis_single,3,20.312,0
current,end_mybatis_single,4,19.393,0
current,end_mybatis_single,5,19.301,0
current,end_hash,1,106.456,200
current,end_hash,2,101.67,200
current,end_hash,3,118.502,200
current,end_hash,4,112.552,200
current,end_hash,5,97.888,200
current,next_hash,1,109.496,248
current,next_hash,2,117.551,248
current,next_hash,3,149.221,248
current,next_hash,4,130.819,248
current,next_hash,5,102.03,248
current,tokenize_custom,1,391.64,392
current,tokenize_custom,2,319.833,392
current,tokenize_custom,3,338.603,392
current,tokenize_custom,4,369.633,392
current,tokenize_custom,5,323.123,392
current,tokenize_comments,1,1487.589,736
current,tokenize_comments,2,1230.606,736
current,tokenize_comments,3,1331.982,736
current,tokenize_comments,4,1529.63,736
current,tokenize_comments,5,1236.688,736
current,next_custom,1,25.397,48
current,next_custom,2,20.435,48
current,next_custom,3,21.5,48
current,next_custom,4,30.613,48
current,next_custom,5,21.182,48
current,next_mybatis_single,1,19.598,0
current,next_mybatis_single,2,20.997,0
current,next_mybatis_single,3,23.778,0
current,next_mybatis_single,4,22.367,0
current,next_mybatis_single,5,19.653,0
current,read_insert,1,13.362,0
current,read_insert,2,13.908,0
current,read_insert,3,12.887,0
current,read_insert,4,12.543,0
current,read_insert,5,13.055,0
current,walk_bounds_large,1,19025.514,0
current,walk_bounds_large,2,16857.563,0
current,walk_bounds_large,3,17226.511,0
current,walk_bounds_large,4,17276.284,0
current,walk_bounds_large,5,17139.948,0
current,next_hash_operator,1,27.666,0
current,next_hash_operator,2,28.16,0
current,next_hash_operator,3,29.371,0
current,next_hash_operator,4,26.957,0
current,next_hash_operator,5,27.094,0
current,index_sensitive,1,195.696,0
current,index_sensitive,2,201.243,0
current,index_sensitive,3,195.897,0
current,index_sensitive,4,195.263,0
current,index_sensitive,5,205.476,0
current,tokenize_large,1,25115.924,25832
current,tokenize_large,2,25185.831,25832
current,tokenize_large,3,24931.619,25832
current,tokenize_large,4,25471.817,25832
current,tokenize_large,5,23816.714,25832
current,end_hash_operator,1,29.766,0
current,end_hash_operator,2,27.769,0
current,end_hash_operator,3,28.635,0
current,end_hash_operator,4,26.092,0
current,end_hash_operator,5,27.407,0
current,read_insert_simple,1,2253.957,1424
current,read_insert_simple,2,2253.927,1424
current,read_insert_simple,3,2292.859,1424
current,read_insert_simple,4,2343.525,1424
current,read_insert_simple,5,2275.764,1424
current,read_insert_executable_comment,1,78.878,0
current,read_insert_executable_comment,2,78.803,0
current,read_insert_executable_comment,3,84.034,0
current,read_insert_executable_comment,4,80.201,0
current,read_insert_executable_comment,5,79.713,0
current,read_insert_mutation,1,254.01,200
current,read_insert_mutation,2,239.966,200
current,read_insert_mutation,3,237.043,200
current,read_insert_mutation,4,262.18,200
current,read_insert_mutation,5,242.895,200
current,walk_tokens_large,1,37193.233,13504
current,walk_tokens_large,2,37499.155,13504
current,walk_tokens_large,3,35649.412,13504
current,walk_tokens_large,4,46488.81,13504
current,walk_tokens_large,5,36097.279,13504
current,select_parenthesized,1,91.717,48
current,select_parenthesized,2,112.306,48
current,select_parenthesized,3,107.406,48
current,select_parenthesized,4,105.352,48
current,select_parenthesized,5,87.918,48
current,next_trivia,1,68.089,48
current,next_trivia,2,67.012,48
current,next_trivia,3,65.267,48
current,next_trivia,4,80.785,48
current,next_trivia,5,65.514,48
current,next_word,1,39.435,48
current,next_word,2,38.263,48
current,next_word,3,35.583,48
current,next_word,4,35.126,48
current,next_word,5,33.91,48
current,tokenize_long_quote,1,1633.535,17624
current,tokenize_long_quote,2,1591.271,17624
current,tokenize_long_quote,3,1760.703,17624
current,tokenize_long_quote,4,1647.494,17624
current,tokenize_long_quote,5,1715.69,17624
current,tokenize_simple,1,677.249,976
current,tokenize_simple,2,607.021,976
current,tokenize_simple,3,652.227,976
current,tokenize_simple,4,651.689,976
current,tokenize_simple,5,598.785,976
current,walk_bounds_hash,1,20054.891,7584
current,walk_bounds_hash,2,18778.501,7584
current,walk_bounds_hash,3,20413.193,7584
current,walk_bounds_hash,4,19262.212,7584
current,walk_bounds_hash,5,18965.499,7584
current,walk_tokens_hash,1,37395.406,15936
current,walk_tokens_hash,2,37585.467,15936
current,walk_tokens_hash,3,44515.939,15936
current,walk_tokens_hash,4,40505.426,15936
current,walk_tokens_hash,5,36211.911,15936
current,tokenize_dense_concat_256,1,4526.003,2104
current,tokenize_dense_concat_256,2,4110.439,2104
current,tokenize_dense_concat_256,3,4906.563,2104
current,tokenize_dense_concat_256,4,4223.15,2104
current,tokenize_dense_concat_256,5,4290.866,2104
current,classify_replace,1,78.037,0
current,classify_replace,2,71.735,0
current,classify_replace,3,62.22,0
current,classify_replace,4,65.82,0
current,classify_replace,5,64.238,0
current,next_quote,1,1010.119,8760
current,next_quote,2,980.112,8760
current,next_quote,3,1061.363,8760
current,next_quote,4,1020.026,8760
current,next_quote,5,1077.21,8760
current,tokenize_dense_concat_8192,1,137031.056,61624
current,tokenize_dense_concat_8192,2,128126.486,61624
current,tokenize_dense_concat_8192,3,130703.012,61624
current,tokenize_dense_concat_8192,4,131045.732,61624
current,tokenize_dense_concat_8192,5,124462.069,61624
current,read_insert_upsert,1,804.285,64
current,read_insert_upsert,2,897.521,64
current,read_insert_upsert,3,826.606,64
current,read_insert_upsert,4,788.786,64
current,read_insert_upsert,5,795.58,64
current,tokenize_array,1,745.17,4248
current,tokenize_array,2,681.778,4248
current,tokenize_array,3,517.689,4248
current,tokenize_array,4,653.713,4248
current,tokenize_array,5,590.714,4248
current,index_custom_composite,1,391.988,0
current,index_custom_composite,2,391.065,0
current,index_custom_composite,3,385.426,0
current,index_custom_composite,4,401.184,0
current,index_custom_composite,5,385.148,0
current,walk_bounds_simple,1,460.595,0
current,walk_bounds_simple,2,438.788,0
current,walk_bounds_simple,3,450.349,0
current,walk_bounds_simple,4,437.546,0
current,walk_bounds_simple,5,433.074,0
current,tokenize_tiny,1,67.875,152
current,tokenize_tiny,2,61.29,152
current,tokenize_tiny,3,69.008,152
current,tokenize_tiny,4,68.911,152
current,tokenize_tiny,5,62.987,152
current,read_insert_hash,1,16894.605,2440
current,read_insert_hash,2,14012.368,2440
current,read_insert_hash,3,15174.691,2440
current,read_insert_hash,4,14901.853,2440
current,read_insert_hash,5,13846.708,2440
current,config_default,1,7.784,24
current,config_default,2,8.328,24
current,config_default,3,8.599,24
current,config_default,4,8.275,24
current,config_default,5,7.905,24
current,classify_delete,1,21.204,48
current,classify_delete,2,25.309,48
current,classify_delete,3,20.161,48
current,classify_delete,4,21.059,48
current,classify_delete,5,21.781,48
current,index_quoted,1,3912.41,0
current,index_quoted,2,3518.525,0
current,index_quoted,3,3468.522,0
current,index_quoted,4,6626.577,0
current,index_quoted,5,3491.505,0
current,index_from_inside_quote,1,147.416,0
current,index_from_inside_quote,2,141.317,0
current,index_from_inside_quote,3,141.617,0
current,index_from_inside_quote,4,143.743,0
current,index_from_inside_quote,5,141.166,0
current,read_executable_comment,1,83.06,0
current,read_executable_comment,2,84.432,0
current,read_executable_comment,3,77.967,0
current,read_executable_comment,4,88.317,0
current,read_executable_comment,5,83.749,0
current,read_mutation,1,245.311,200
current,read_mutation,2,247.508,200
current,read_mutation,3,234.431,200
current,read_mutation,4,286.448,200
current,read_mutation,5,231.506,200
current,index_composite_comments,1,154.811,0
current,index_composite_comments,2,153.713,0
current,index_composite_comments,3,149.217,0
current,index_composite_comments,4,148.08,0
current,index_composite_comments,5,148.071,0
current,read_large,1,46353.493,27200
current,read_large,2,43989.429,27200
current,read_large,3,44891.259,27200
current,read_large,4,42849.442,27200
current,read_large,5,42652.39,27200
current,read_upsert,1,13.258,0
current,read_upsert,2,14.374,0
current,read_upsert,3,18.813,0
current,read_upsert,4,12.296,0
current,read_upsert,5,13.062,0
current,tokenize_dense_concat_4096,1,71387.5,30904
current,tokenize_dense_concat_4096,2,62567.68,30904
current,tokenize_dense_concat_4096,3,67042.378,30904
current,tokenize_dense_concat_4096,4,67472.81,30904
current,tokenize_dense_concat_4096,5,60907.67,30904
current,read_literal,1,818.952,672
current,read_literal,2,715.094,672
current,read_literal,3,723.128,672
current,read_literal,4,719.328,672
current,read_literal,5,697.921,672
current,read_insert_insert,1,992.745,656
current,read_insert_insert,2,964.81,656
current,read_insert_insert,3,993.373,656
current,read_insert_insert,4,949.789,656
current,read_insert_insert,5,991.719,656
current,read_comments,1,11004.426,6680
current,read_comments,2,10053.608,6680
current,read_comments,3,10047.785,6680
current,read_comments,4,10183.333,6680
current,read_comments,5,9714.306,6680
current,index_late,1,19509.698,0
current,index_late,2,16249.348,0
current,index_late,3,16359.19,0
current,index_late,4,16317.891,0
current,index_late,5,16231.088,0
current,end_trivia,1,61.275,0
current,end_trivia,2,62.513,0
current,end_trivia,3,58.768,0
current,end_trivia,4,62.717,0
current,end_trivia,5,58.606,0
current,read_quoted_large,1,9551.59,26736
current,read_quoted_large,2,10075.67,26736
current,read_quoted_large,3,9837.728,26736
current,read_quoted_large,4,10979.226,26736
current,read_quoted_large,5,9260.969,26736
current,tokenize_mybatis,1,2879.327,3448
current,tokenize_mybatis,2,2897.262,3448
current,tokenize_mybatis,3,2798.059,3448
current,tokenize_mybatis,4,2926.514,3448
current,tokenize_mybatis,5,2722.218,3448
current,select_cte,1,674.912,1080
current,select_cte,2,686.763,1080
current,select_cte,3,632.441,1080
current,select_cte,4,643.021,1080
current,select_cte,5,607.315,1080
current,read_insert_multiple,1,929.176,664
current,read_insert_multiple,2,821.256,664
current,read_insert_multiple,3,898.216,664
current,read_insert_multiple,4,998.503,664
current,read_insert_multiple,5,870.425,664
current,index_hash,1,6950.383,632
current,index_hash,2,8228.178,632
current,index_hash,3,7906.902,632
current,index_hash,4,7002.859,632
current,index_hash,5,6678.755,632
current,tokenize_hash_rows,1,12435.101,2624
current,tokenize_hash_rows,2,11873.743,2624
current,tokenize_hash_rows,3,10386.408,2624
current,tokenize_hash_rows,4,11180.69,2624
current,tokenize_hash_rows,5,9512.629,3176
current,index_near_matches,1,18446.538,0
current,index_near_matches,2,17279.705,0
current,index_near_matches,3,16619.175,0
current,index_near_matches,4,16060.401,0
current,index_near_matches,5,15884.153,0
current,read_insert_cte,1,4157.701,3800
current,read_insert_cte,2,4157.05,3800
current,read_insert_cte,3,4173.965,3800
current,read_insert_cte,4,4522.394,3800
current,read_insert_cte,5,4084.4,3800
current,read_multiple,1,601.86,584
current,read_multiple,2,521.986,584
current,read_multiple,3,557.7,584
current,read_multiple,4,762.476,584
current,read_multiple,5,516.031,584
current,end_word,1,28.387,0
current,end_word,2,27.259,0
current,end_word,3,27.345,0
current,end_word,4,27.787,0
current,end_word,5,26.662,0
current,tokenize_hash_identifiers,1,7483.198,1984
current,tokenize_hash_identifiers,2,6923.722,1984
current,tokenize_hash_identifiers,3,7505.443,1984
current,tokenize_hash_identifiers,4,8394.2,1984
current,tokenize_hash_identifiers,5,6896.807,1984
current,read_hash,1,13354.818,2360
current,read_hash,2,10962.078,2360
current,read_hash,3,11412.037,2360
current,read_hash,4,15266.762,2360
current,read_hash,5,10994.417,2360
current,index_early,1,85.928,0
current,index_early,2,64.805,0
current,index_early,3,67.342,0
current,index_early,4,71.665,0
current,index_early,5,62.571,0
current,end_quote,1,150.481,0
current,end_quote,2,144.594,0
current,end_quote,3,146.148,0
current,end_quote,4,163.034,0
current,end_quote,5,140.595,0
current,tokenize_mybatis_single,1,37.339,104
current,tokenize_mybatis_single,2,33.499,104
current,tokenize_mybatis_single,3,35.316,104
current,tokenize_mybatis_single,4,36.37,104
current,tokenize_mybatis_single,5,34.047,104
current,tokenize_keep_comments,1,1598.816,1776
current,tokenize_keep_comments,2,1380.977,1776
current,tokenize_keep_comments,3,1530.42,1776
current,tokenize_keep_comments,4,1572.203,1776
current,tokenize_keep_comments,5,1324.741,1776
current,read_insert_comments,1,15686.804,6840
current,read_insert_comments,2,15511.963,6840
current,read_insert_comments,3,16108.576,6840
current,read_insert_comments,4,15738.729,6840
current,read_insert_comments,5,15394.408,6840
current,tokenize_unicode,1,403.642,848
current,tokenize_unicode,2,408.434,848
current,tokenize_unicode,3,420.431,848
current,tokenize_unicode,4,441.883,848
current,tokenize_unicode,5,377.308,848
current,select_quotes,1,19.7,48
current,select_quotes,2,26.608,48
current,select_quotes,3,21.177,48
current,select_quotes,4,21.441,48
current,select_quotes,5,19.455,48
current,read_mysql_dash,1,295.296,400
current,read_mysql_dash,2,304.55,400
current,read_mysql_dash,3,285.324,400
current,read_mysql_dash,4,306.532,400
current,read_mysql_dash,5,276.922,400
current,walk_tokens_simple,1,965.797,576
current,walk_tokens_simple,2,939.682,576
current,walk_tokens_simple,3,927.319,576
current,walk_tokens_simple,4,943.844,576
current,walk_tokens_simple,5,933.239,576
current,read_simple,1,1609.409,1344
current,read_simple,2,1466.016,1344
current,read_simple,3,1648.738,1344
current,read_simple,4,1418.588,1344
current,read_simple,5,1428.903,1344
current,tokenize_dense_concat_1024,1,17590.472,7864
current,tokenize_dense_concat_1024,2,15741.951,7864
current,tokenize_dense_concat_1024,3,17049.547,7864
current,tokenize_dense_concat_1024,4,16842.347,7864
current,tokenize_dense_concat_1024,5,16105.055,7864
current,index_composite,1,491.767,0
current,index_composite,2,445.214,0
current,index_composite,3,466.149,0
current,index_composite,4,477.035,0
current,index_composite,5,430.443,0
current,index_custom_separator,1,97.849,48
current,index_custom_separator,2,89.397,48
current,index_custom_separator,3,92.143,48
current,index_custom_separator,4,97.663,48
current,index_custom_separator,5,89.168,48
current,next_empty,1,34.572,0
current,next_empty,2,33.606,0
current,next_empty,3,34.494,0
current,next_empty,4,34.838,0
current,next_empty,5,33.093,0
current,end_empty,1,42.805,0
current,end_empty,2,34.812,0
current,end_empty,3,33.432,0
current,end_empty,4,34.079,0
current,end_empty,5,32.479,0
current,read_cte,1,3182.538,3720
current,read_cte,2,3488.513,3720
current,read_cte,3,2995.03,3720
current,read_cte,4,2967.2,3720
current,read_cte,5,2915.463,3720
current,select_ambiguous,1,22.147,48
current,select_ambiguous,2,24.752,48
current,select_ambiguous,3,21.85,48
current,select_ambiguous,4,21.154,48
current,select_ambiguous,5,18.512,48
current,read_insert_mysql_dash,1,308.141,400
current,read_insert_mysql_dash,2,276.029,400
current,read_insert_mysql_dash,3,288.638,400
current,read_insert_mysql_dash,4,296.1,400
current,read_insert_mysql_dash,5,281.174,400
