version,case,forks,median_ns,min_fork_ns,max_fork_ns,bytes_per_op,equivalent_results
baseline,custom_handler_union,5,10760.466,10105.606,13543.461,16536,true
before,custom_handler_union,5,4847.37,4596.536,4932.952,9368,true
current,custom_handler_union,5,4822.042,4612.769,5398.826,7296,true
baseline,custom_handler_where,5,6444.66,5871.817,6805.591,10616,true
before,custom_handler_where,5,5658.526,5600.307,6631.604,11424,true
current,custom_handler_where,5,4275.391,3973.476,5328.743,6968,true
baseline,mybatis_batch_4,5,2949.837,2839.492,3951.783,8784,true
before,mybatis_batch_4,5,2842.356,2821.672,2869.815,8848,true
current,mybatis_batch_4,5,1924.891,1887.296,2188.183,4536,true
baseline,mybatis_batch_64,5,34955.064,34335.968,45729.794,118896,true
before,mybatis_batch_64,5,34007.251,32674.224,35042.902,117040,true
current,mybatis_batch_64,5,21247.491,20762.779,22601.33,52248,true
baseline,mybatis_batch_beans,5,7896.239,7673.961,8408.211,22080,true
before,mybatis_batch_beans,5,7644.41,7262.457,7785.676,22744,true
current,mybatis_batch_beans,5,5756.538,5498.565,6109.411,14120,true
baseline,mybatis_between,5,1397.963,1260.458,1575.19,3544,true
before,mybatis_between,5,1243.595,1152.54,1464.422,3592,true
current,mybatis_between,5,1085.388,1039.052,1212.468,2344,true
baseline,mybatis_condition_only,5,5407.207,4979.361,5875.318,7960,true
before,mybatis_condition_only,5,4793.338,4703.566,5449.95,8728,true
current,mybatis_condition_only,5,3542.957,3365.065,3980.479,4784,true
baseline,mybatis_delete,5,468.73,428.766,511.814,1808,true
before,mybatis_delete,5,455.273,440.615,469.456,1848,true
current,mybatis_delete,5,348.663,344.743,417.441,1232,true
baseline,mybatis_derived,5,11095.264,10673.54,12505.171,17144,true
before,mybatis_derived,5,4426.534,4388.01,4515.297,9456,true
current,mybatis_derived,5,4223.953,4058.092,4291.627,7208,true
baseline,mybatis_group_order,5,3799.454,3312.098,5347.193,7264,true
before,mybatis_group_order,5,2581.248,2500.236,2827.498,7088,true
current,mybatis_group_order,5,1812.623,1758.942,1984.483,3608,true
baseline,mybatis_in_1024,5,105055.357,94515.152,112825.352,256896,true
before,mybatis_in_1024,5,97123.558,94298.113,111311.616,256976,true
current,mybatis_in_1024,5,81474.231,79499.576,84836.396,182240,true
baseline,mybatis_in_16,5,2130.67,1920.222,2377.302,6128,true
before,mybatis_in_16,5,1848.226,1716.356,2150.694,6208,true
current,mybatis_in_16,5,1533.788,1437.736,1590.08,4048,true
baseline,mybatis_in_17,5,2187.655,1922.922,2776.852,6344,true
before,mybatis_in_17,5,1895.942,1855.299,2317.927,6424,true
current,mybatis_in_17,5,1659.488,1563.075,1742.611,4192,true
baseline,mybatis_in_256,5,25801.734,22034.928,29846.599,66616,true
before,mybatis_in_256,5,21195.842,20550.617,24636.15,66696,true
current,mybatis_in_256,5,18320.019,17615.761,19054.513,47256,true
baseline,mybatis_in_expression,5,24656.677,21643.938,29037.857,66656,true
before,mybatis_in_expression,5,22766.631,21441.212,25843.602,67800,true
current,mybatis_in_expression,5,19146.904,17956.553,23491.238,48432,true
baseline,mybatis_insert_entity,5,882.38,837.102,1051.786,2456,true
before,mybatis_insert_entity,5,877.996,870.446,915.673,2456,true
current,mybatis_insert_entity,5,736.263,698.708,818.104,1568,true
baseline,mybatis_insert_placeholders,5,977.862,954.975,1287.151,2584,true
before,mybatis_insert_placeholders,5,988.029,951.873,1124.291,2736,true
current,mybatis_insert_placeholders,5,696.896,665.695,707.173,1616,true
baseline,mybatis_insert_values,5,1138.197,1092.5,1277.15,2744,true
before,mybatis_insert_values,5,1094.321,1077.371,1155.298,2872,true
current,mybatis_insert_values,5,791.21,762.384,859.537,1840,true
baseline,mybatis_join_on,5,1825.127,1675.944,2209.621,4128,true
before,mybatis_join_on,5,1408.386,1354.741,1539.997,4192,true
current,mybatis_join_on,5,1227.551,1194.12,1562.371,2648,true
baseline,mybatis_join_using,5,971.835,935.814,1069.792,3352,true
before,mybatis_join_using,5,968.591,957.885,1026.504,3520,true
current,mybatis_join_using,5,781.336,764.408,848.534,1976,true
baseline,mybatis_late_modifier,5,826.835,755.848,883.658,2656,true
before,mybatis_late_modifier,5,740.058,723.865,783.259,2736,true
current,mybatis_late_modifier,5,606.713,588.106,650.942,1656,true
baseline,mybatis_mixed_literals,5,1576.289,1454.485,1931.374,3432,true
before,mybatis_mixed_literals,5,1380.024,1353.782,1464.583,3608,true
current,mybatis_mixed_literals,5,1106.348,1019.464,1257.257,2080,true
baseline,mybatis_naming_CAMEL_CASE,5,5013.078,4732.422,7029.523,8024,true
before,mybatis_naming_CAMEL_CASE,5,5713.632,5512.738,6418.617,9504,true
current,mybatis_naming_CAMEL_CASE,5,3142.243,3001.767,3323.471,3568,true
baseline,mybatis_naming_KEBAB_CASE,5,5910.708,5585.653,8057.333,8984,true
before,mybatis_naming_KEBAB_CASE,5,5799.493,5474.275,6273.966,9792,true
current,mybatis_naming_KEBAB_CASE,5,4224.582,4038.002,4630.677,5336,true
baseline,mybatis_naming_NO_CHANGE,5,4867.503,4696.329,5746.161,8024,true
before,mybatis_naming_NO_CHANGE,5,4568.184,4208.869,4803.234,8024,true
current,mybatis_naming_NO_CHANGE,5,2989.304,2824.41,3370.188,3568,true
baseline,mybatis_naming_SCREAMING_SNAKE_CASE,5,6013.195,5500.174,7135.79,9000,true
before,mybatis_naming_SCREAMING_SNAKE_CASE,5,5622.679,5458.425,6407.222,9808,true
current,mybatis_naming_SCREAMING_SNAKE_CASE,5,4205.861,3970.043,4362.753,5352,true
baseline,mybatis_naming_UPPER_CAMEL_CASE,5,6268.348,5875.9,7563.356,8984,true
before,mybatis_naming_UPPER_CAMEL_CASE,5,5907.463,5795.64,6525.589,9520,true
current,mybatis_naming_UPPER_CAMEL_CASE,5,4432.069,4261.551,4647.89,5064,true
baseline,mybatis_nested,5,1424.752,1314.605,1553.036,3416,true
before,mybatis_nested,5,1310.148,1291.55,1381.309,3584,true
current,mybatis_nested,5,1051.346,983.903,1125.996,2024,true
baseline,mybatis_pagination,5,1197.185,1116.528,1417.471,3808,true
before,mybatis_pagination,5,1163.053,1145.402,1510.596,3928,true
current,mybatis_pagination,5,908.041,883.69,1063.848,2152,true
baseline,mybatis_raw_expression,5,1576.788,1536.748,1794.916,2624,true
before,mybatis_raw_expression,5,1014.665,1006.584,1050.118,2616,true
current,mybatis_raw_expression,5,966.882,921.089,1228.554,1744,true
baseline,mybatis_repeated_names,5,27068.082,24207.042,28113.916,52872,true
before,mybatis_repeated_names,5,24051.57,22984.633,25832.566,58032,true
current,mybatis_repeated_names,5,18154.649,17976.376,20845.814,30536,true
baseline,mybatis_retry_rollback,5,4720.513,3968.399,4953.781,7568,true
before,mybatis_retry_rollback,5,4251.794,3963.868,4328.392,7736,true
current,mybatis_retry_rollback,5,3374.892,3249.319,3658.954,4784,true
baseline,mybatis_row_in,5,1408.279,1199.178,1594.188,3608,true
before,mybatis_row_in,5,1258.121,1241.121,1353.934,3736,true
current,mybatis_row_in,5,1027.174,983.108,1071.554,2272,true
baseline,mybatis_select_columns,5,834.493,796.203,978.158,1952,true
before,mybatis_select_columns,5,820.188,789.858,823.17,2104,true
current,mybatis_select_columns,5,626.83,589.629,698.673,1216,true
baseline,mybatis_select_entity,5,605.451,579.641,720.241,2000,true
before,mybatis_select_entity,5,587.327,569.525,602.916,1992,true
current,mybatis_select_entity,5,551.431,500.299,582.221,1304,true
baseline,mybatis_select_expressions,5,2129.243,2031.443,2757.328,2728,true
before,mybatis_select_expressions,5,1539.303,1524.524,1666.387,2512,true
current,mybatis_select_expressions,5,1430.366,1356.068,1715.572,1936,true
baseline,mybatis_select_star,5,302.424,281.756,338.934,1424,true
before,mybatis_select_star,5,245.888,231.656,250.767,1240,true
current,mybatis_select_star,5,219.124,206.351,241.785,880,true
baseline,mybatis_subquery_raw,5,627.525,616.948,745.318,2272,true
before,mybatis_subquery_raw,5,636.539,621.216,651.312,2352,true
current,mybatis_subquery_raw,5,496.425,483.496,534.018,1344,true
baseline,mybatis_subquery_structured,5,1824.135,1655.328,1993.288,5232,true
before,mybatis_subquery_structured,5,1655.03,1605.298,1756.466,5384,true
current,mybatis_subquery_structured,5,1394.324,1307.715,1641.711,3312,true
baseline,mybatis_union_builder,5,10981.28,10494.318,12835.632,16648,true
before,mybatis_union_builder,5,4237.217,4173.374,4398.718,8912,true
current,mybatis_union_builder,5,4190.271,4037.889,4511.317,6816,true
baseline,mybatis_union_raw,5,3276.134,3135.812,4084.226,5200,true
before,mybatis_union_raw,5,1133.536,1082.349,1265.943,1968,true
current,mybatis_union_raw,5,1081.448,1065.709,1253.445,1472,true
baseline,mybatis_update_chain_16,5,14041.124,13362.741,15783.935,39936,true
before,mybatis_update_chain_16,5,13600.999,13513.097,15085.374,40744,true
current,mybatis_update_chain_16,5,8480.221,8129.364,8848.826,21304,true
baseline,mybatis_update_map,5,1726.039,1571.085,2022.775,4200,true
before,mybatis_update_map,5,1574.822,1552.267,1979.85,4368,true
current,mybatis_update_map,5,1141.776,1114.128,1204.003,2512,true
baseline,mybatis_where_128,5,45273.031,42117.593,51482.628,58208,true
before,mybatis_where_128,5,42769.414,40465.302,45267.532,64392,true
current,mybatis_where_128,5,30167.352,28745.063,31033.242,34848,true
baseline,mybatis_where_16,5,6140.875,5639.167,6615.11,8984,true
before,mybatis_where_16,5,5486.086,5205.187,6561.581,9792,true
current,mybatis_where_16,5,4100.848,3902.487,4197.132,5336,true
baseline,mybatis_where_eq,5,1051.105,976.763,1380.007,2960,true
before,mybatis_where_eq,5,974.381,953.042,991.631,3112,true
current,mybatis_where_eq,5,771.435,725.999,830.735,1816,true
baseline,named_batch_4,5,2965.767,2931.627,3833.275,9736,true
before,named_batch_4,5,2979.228,2905.449,3115.899,9800,true
current,named_batch_4,5,2080.008,2015.329,2788.21,5616,true
baseline,named_batch_64,5,38395.802,36684.547,40732.081,134912,true
before,named_batch_64,5,36531.81,35737.622,37881.502,133056,true
current,named_batch_64,5,23398.113,22470.447,26946.734,70312,true
baseline,named_batch_beans,5,8413.684,8115.919,9248.989,26064,true
before,named_batch_beans,5,8478.292,8008.605,8904.937,26728,true
current,named_batch_beans,5,6567.244,6206.921,6789.6,18616,true
baseline,named_between,5,1370.572,1273.876,1641.862,3800,true
before,named_between,5,1248.338,1228.176,1361.208,3848,true
current,named_between,5,1114.81,1092.838,1176.32,2600,true
baseline,named_condition_only,5,5638.139,5460.149,6488.601,9560,true
before,named_condition_only,5,5009.895,4935.066,6156.208,10328,true
current,named_condition_only,5,3733.22,3573.513,3916.847,6384,true
baseline,named_delete,5,466.6,446.114,639.413,1960,true
before,named_delete,5,484.074,453.021,503.355,2000,true
current,named_delete,5,375.91,358.755,400.766,1384,true
baseline,named_derived,5,10635.161,9949.3,13198.567,17800,true
before,named_derived,5,4427.652,4417.019,4648.785,9536,true
current,named_derived,5,4355.735,3920.15,4463.255,7256,true
baseline,named_dialect_DB2,5,1364.51,1336.829,1875.723,4320,true
before,named_dialect_DB2,5,1349.537,1333.136,1498.783,4392,true
current,named_dialect_DB2,5,1075.365,1019.554,1119.557,2584,true
baseline,named_dialect_Microsoft_SQL_Server,5,1553.963,1503.743,2113.585,4320,true
before,named_dialect_Microsoft_SQL_Server,5,1521.151,1491.668,1652.085,4392,true
current,named_dialect_Microsoft_SQL_Server,5,1209.261,1135.708,1342.095,2584,true
baseline,named_dialect_MySQL,5,1309.549,1301.229,1700.625,4144,true
before,named_dialect_MySQL,5,1311.386,1265.467,1380.673,4216,true
current,named_dialect_MySQL,5,1031.321,1009.401,1112.308,2408,true
baseline,named_dialect_Oracle,5,1373.393,1359.142,1622.507,4272,true
before,named_dialect_Oracle,5,1364.842,1304.325,1385.373,4392,true
current,named_dialect_Oracle,5,1021.794,1007.229,1253.113,2584,true
baseline,named_dialect_PostgreSQL,5,1407.83,1323.768,1712.03,4144,true
before,named_dialect_PostgreSQL,5,1338.949,1320.824,1484.489,4216,true
current,named_dialect_PostgreSQL,5,1072.573,1042.859,1143.575,2408,true
baseline,named_group_order,5,3964.89,3830.553,4475.48,7688,true
before,named_group_order,5,2730.537,2679.127,3000.896,7512,true
current,named_group_order,5,1932.244,1905.263,2053.124,3936,true
baseline,named_in_1024,5,130085.714,122906.612,149375,353216,true
before,named_in_1024,5,123917.877,115966.286,130974.566,353296,true
current,named_in_1024,5,93163.303,90150.515,104992.735,278560,true
baseline,named_in_16,5,2196.227,2125.852,3108.208,7600,true
before,named_in_16,5,2140.493,2043.684,2302.899,7680,true
current,named_in_16,5,1744.93,1667.542,2008.148,5520,true
baseline,named_in_17,5,2312.441,2233.001,3105.427,7888,true
before,named_in_17,5,2230.071,2115.169,2405.596,7968,true
current,named_in_17,5,1802.982,1756.45,1876.65,5736,true
baseline,named_in_256,5,27110.313,26047.826,31070.439,90712,true
before,named_in_256,5,25293.154,24654.598,28231.701,90792,true
current,named_in_256,5,21698.242,20768.522,22307.889,71352,true
baseline,named_in_expression,5,27734.888,26819.526,35998.201,90680,true
before,named_in_expression,5,26656.606,25784.655,29410.306,91824,true
current,named_in_expression,5,23887.141,22633.138,26063.393,72456,true
baseline,named_insert_entity,5,939.934,929.709,1211.184,2760,true
before,named_insert_entity,5,926.059,880.67,961.976,2760,true
current,named_insert_entity,5,764.629,758.197,826.294,1904,true
baseline,named_insert_placeholders,5,979.277,918.241,1393.94,2888,true
before,named_insert_placeholders,5,990.05,971.766,1110.43,3040,true
current,named_insert_placeholders,5,724.659,667.038,772.025,1952,true
baseline,named_insert_values,5,1140.738,1105.847,1355.547,3048,true
before,named_insert_values,5,1130.615,1087.698,1182.413,3176,true
current,named_insert_values,5,851.322,797.429,905.969,2176,true
baseline,named_join_on,5,1731.295,1627.116,2243.307,4288,true
before,named_join_on,5,1396.497,1376.714,1493.099,4352,true
current,named_join_on,5,1267.609,1143.578,1286.966,2808,true
baseline,named_join_using,5,996.201,964.234,1166.035,3512,true
before,named_join_using,5,984.7,972.965,1147.842,3680,true
current,named_join_using,5,828.034,789.716,896.973,2136,true
baseline,named_late_modifier,5,792.421,755.611,948.595,2816,true
before,named_late_modifier,5,795.929,746.367,825.883,2896,true
current,named_late_modifier,5,623.622,604.985,751.134,1816,true
baseline,named_mixed_literals,5,1576.534,1497.181,1966.79,3768,true
before,named_mixed_literals,5,1440.218,1377.673,1791.319,3944,true
current,named_mixed_literals,5,1140.162,1101.576,1472.086,2416,true
baseline,named_naming_CAMEL_CASE,5,5031.847,4989.585,5640.851,9624,true
before,named_naming_CAMEL_CASE,5,6118.229,5843.265,7152.212,11104,true
current,named_naming_CAMEL_CASE,5,3474.356,3369.386,3668.308,5168,true
baseline,named_naming_KEBAB_CASE,5,6144.584,5896.059,8238.979,10584,true
before,named_naming_KEBAB_CASE,5,5964.936,5823.641,7147.74,11392,true
current,named_naming_KEBAB_CASE,5,4339.008,4166.37,5283.088,6936,true
baseline,named_naming_NO_CHANGE,5,4928.042,4858.716,6999.662,9624,true
before,named_naming_NO_CHANGE,5,4762.6,4517.645,5353.578,9624,true
current,named_naming_NO_CHANGE,5,3016.21,2934.182,3253.245,5168,true
baseline,named_naming_SCREAMING_SNAKE_CASE,5,6171.375,6031.151,8264.422,10600,true
before,named_naming_SCREAMING_SNAKE_CASE,5,5920.12,5694.119,7255.98,11408,true
current,named_naming_SCREAMING_SNAKE_CASE,5,4379.058,4002.241,4627.749,6952,true
baseline,named_naming_UPPER_CAMEL_CASE,5,6314.777,5997.521,7969.488,10584,true
before,named_naming_UPPER_CAMEL_CASE,5,6282.447,6109.309,7981.679,11120,true
current,named_naming_UPPER_CAMEL_CASE,5,4616.645,4396.429,4851.966,6664,true
baseline,named_nested,5,1434.201,1405.831,1670.836,3648,true
before,named_nested,5,1323.155,1278.785,1595.01,3816,true
current,named_nested,5,1086.446,1011.688,1199.268,2256,true
baseline,named_pagination,5,1256.323,1209.281,1457.119,4072,true
before,named_pagination,5,1243.117,1215.492,1406.359,4192,true
current,named_pagination,5,986.101,928.917,1031.398,2384,true
baseline,named_raw_expression,5,1529.139,1454.403,2051.381,2624,true
before,named_raw_expression,5,1018.316,1010.674,1043.407,2616,true
current,named_raw_expression,5,942.916,899.772,1026.064,1744,true
baseline,named_repeated_names,5,27233.643,25627.248,34781.338,64920,true
before,named_repeated_names,5,26322.317,25060.646,29098.777,70080,true
current,named_repeated_names,5,19908.189,19689.6,20708.92,42584,true
baseline,named_retry_rollback,5,4697.998,4326.425,5213.084,8264,true
before,named_retry_rollback,5,4590.874,4442.642,4945.015,8432,true
current,named_retry_rollback,5,3489.66,3276.506,4199.915,5304,true
baseline,named_row_in,5,1382.476,1336.595,1568.226,4016,true
before,named_row_in,5,1316.779,1308.432,1383.81,4144,true
current,named_row_in,5,1088.208,1025.561,1152.559,2680,true
baseline,named_select_columns,5,829.085,801.959,978.123,1952,true
before,named_select_columns,5,821.121,785.832,831.993,2104,true
current,named_select_columns,5,618.864,594.324,631.134,1216,true
baseline,named_select_entity,5,591.489,584.624,687.286,2000,true
before,named_select_entity,5,574.072,555.521,675.34,1992,true
current,named_select_entity,5,544.837,481.283,563.485,1304,true
baseline,named_select_expressions,5,2155.324,2129.048,2817.996,2728,true
before,named_select_expressions,5,1535.364,1514.167,1645.927,2512,true
current,named_select_expressions,5,1438.099,1389.117,1898.932,1936,true
baseline,named_select_star,5,301.444,280.007,328.765,1424,true
before,named_select_star,5,247.348,231.31,258.42,1240,true
current,named_select_star,5,217.822,207.707,278.138,880,true
baseline,named_subquery_raw,5,637.687,598.692,804.289,2272,true
before,named_subquery_raw,5,629.207,625.79,645.844,2352,true
current,named_subquery_raw,5,506.011,493.871,530.164,1344,true
baseline,named_subquery_structured,5,1813.761,1706.035,1966.41,5488,true
before,named_subquery_structured,5,1725.355,1680.267,1942.605,5640,true
current,named_subquery_structured,5,1501.599,1443.485,1597.209,3568,true
baseline,named_union_builder,5,10683.608,9910.509,11907.32,17272,true
before,named_union_builder,5,4295.994,4113.966,4650.828,8912,true
current,named_union_builder,5,4338.309,3970.251,4633.747,6840,true
baseline,named_union_raw,5,3248.274,3145.67,4280.621,5200,true
before,named_union_raw,5,1119.324,1083.959,1183.351,1968,true
current,named_union_raw,5,1072.349,1067.8,1244.111,1472,true
baseline,named_update_chain_16,5,17135.48,16041.444,20204.541,47000,true
before,named_update_chain_16,5,16270.182,15663.643,17646.74,47808,true
current,named_update_chain_16,5,9642.593,9630.955,10736.09,24072,true
baseline,named_update_map,5,1778.837,1729.787,2187.045,4752,true
before,named_update_map,5,1677.161,1659.068,1840.073,4920,true
current,named_update_map,5,1218.358,1185.963,1251.728,2976,true
baseline,named_where_128,5,48434.163,46351.591,51284.848,71280,true
before,named_where_128,5,44603.766,41899.113,51210,77464,true
current,named_where_128,5,32865.635,32559.621,38373.502,47920,true
baseline,named_where_16,5,6429.854,5728.671,6926.904,10584,true
before,named_where_16,5,5927.224,5725.187,6658.94,11392,true
current,named_where_16,5,4447.697,4083.297,4559.781,6936,true
baseline,named_where_eq,5,1036.665,981.913,1466.614,3120,true
before,named_where_eq,5,1006.306,981.368,1045.92,3272,true
current,named_where_eq,5,771.092,743.786,805.302,1976,true
baseline,positional_batch_4,5,1937.929,1855.599,2206.819,5968,true
before,positional_batch_4,5,1875.461,1709.919,1948.209,6032,true
current,positional_batch_4,5,1254.015,1115.78,1306.381,2840,true
baseline,positional_batch_64,5,18058.062,16651.442,24599.265,72176,true
before,positional_batch_64,5,18200,17622.757,18992.094,70320,true
current,positional_batch_64,5,9723.676,8710.345,10506.955,23448,true
baseline,positional_batch_beans,5,4286.256,3855.867,4864.628,10464,true
before,positional_batch_beans,5,4715.664,4341.253,5659.765,11128,true
current,positional_batch_beans,5,2940.349,2788.534,3096.854,6984,true
baseline,positional_between,5,1146.702,1087.224,1286.01,3056,true
before,positional_between,5,1025.052,1003.869,1103.03,3104,true
current,positional_between,5,759.334,741.819,795.099,1736,true
baseline,positional_condition_only,5,3798.859,3728.127,4919.003,4872,true
before,positional_condition_only,5,3614.87,3534.047,3724.729,5640,true
current,positional_condition_only,5,2692.352,2575.018,2997.638,3104,true
baseline,positional_delete,5,340.099,339.323,508.298,1504,true
before,positional_delete,5,365.069,356.213,391.169,1544,true
current,positional_delete,5,286.867,274.527,300.104,1000,true
baseline,positional_derived,5,9326.505,9216.044,11413.069,15296,true
before,positional_derived,5,3569.88,3524.094,3986.149,7464,true
current,positional_derived,5,3537.585,3239.685,3579.667,5480,true
baseline,positional_dialect_DB2,5,1123.416,1070.849,1582.429,3544,true
before,positional_dialect_DB2,5,1031.379,1011.178,1108.583,3616,true
current,positional_dialect_DB2,5,845.495,821.278,943.192,2032,true
baseline,positional_dialect_Microsoft_SQL_Server,5,1316.173,1229.545,1594.891,3544,true
before,positional_dialect_Microsoft_SQL_Server,5,1214.453,1209.391,1318.99,3616,true
current,positional_dialect_Microsoft_SQL_Server,5,1027.754,995.169,1061.289,2032,true
baseline,positional_dialect_MySQL,5,1060.987,1006.132,1295.717,3360,true
before,positional_dialect_MySQL,5,970.286,962.014,1033.867,3432,true
current,positional_dialect_MySQL,5,803.432,781.599,807.057,1848,true
baseline,positional_dialect_Oracle,5,1109.627,1057.243,1551.552,3496,true
before,positional_dialect_Oracle,5,1041.85,1021.995,1260.588,3616,true
current,positional_dialect_Oracle,5,850.13,830.973,892.832,2032,true
baseline,positional_dialect_PostgreSQL,5,1106.676,1058.624,1529.647,3360,true
before,positional_dialect_PostgreSQL,5,1025.166,1015.957,1105.24,3432,true
current,positional_dialect_PostgreSQL,5,856.754,782.754,894.4,1848,true
baseline,positional_group_order,5,3156.65,3054.729,3658.885,6336,true
before,positional_group_order,5,2169.419,2119.723,2314.499,6160,true
current,positional_group_order,5,1596.987,1515.127,1629.748,3112,true
baseline,positional_in_1024,5,14876.8,14026.563,16677.007,28504,true
before,positional_in_1024,5,14356.337,14163.1,15276.263,28584,true
current,positional_in_1024,5,6167.882,5682.574,7040.358,20800,true
baseline,positional_in_16,5,873.842,844.248,1036.635,2656,true
before,positional_in_16,5,812.545,799.964,831.029,2736,true
current,positional_in_16,5,708.108,695.313,720.582,1728,true
baseline,positional_in_17,5,862.471,817.539,1205.638,2672,true
before,positional_in_17,5,844.916,817.235,873.574,2752,true
current,positional_in_17,5,610.58,598.147,675.504,1680,true
baseline,positional_in_256,5,4430.321,4339.742,5431.48,9576,true
before,positional_in_256,5,4338.984,4114.174,4676.232,9656,true
current,positional_in_256,5,2133.107,2108.402,2440.022,6208,true
baseline,positional_in_expression,5,4469.849,4291.536,6313.242,9760,true
before,positional_in_expression,5,5010.766,4837.008,5290.946,10904,true
current,positional_in_expression,5,3172.937,3107.25,4182.138,7536,true
baseline,positional_insert_entity,5,611.561,601.979,701.973,1816,true
before,positional_insert_entity,5,632.18,607.29,633.862,1816,true
current,positional_insert_entity,5,559.198,536.676,581.627,1192,true
baseline,positional_insert_placeholders,5,720.045,654.621,1095.758,1944,true
before,positional_insert_placeholders,5,697.668,668.447,763.677,2096,true
current,positional_insert_placeholders,5,479.903,453.326,503.795,1208,true
baseline,positional_insert_values,5,838.444,798.553,978.739,2104,true
before,positional_insert_values,5,805.27,792.381,848.29,2232,true
current,positional_insert_values,5,632.41,596.292,640.723,1464,true
baseline,positional_join_on,5,1617.415,1564.02,2016.116,3832,true
before,positional_join_on,5,1319.229,1297.018,1353.665,3896,true
current,positional_join_on,5,1140.165,1064.684,1248.115,2424,true
baseline,positional_join_using,5,875.6,855.365,1126.849,3056,true
before,positional_join_using,5,868.598,852.355,990.309,3224,true
current,positional_join_using,5,718.772,681.963,878.446,1752,true
baseline,positional_late_modifier,5,670.595,665.323,808.13,2360,true
before,positional_late_modifier,5,637.481,627.104,745.256,2440,true
current,positional_late_modifier,5,515.057,507.977,562.406,1432,true
baseline,positional_mixed_literals,5,1228.332,1136.162,1378.971,2800,true
before,positional_mixed_literals,5,1143.401,1102.65,1224.073,2976,true
current,positional_mixed_literals,5,885.535,847.056,929.079,1696,true
baseline,positional_naming_CAMEL_CASE,5,3342.193,3197.355,4967.212,4928,true
before,positional_naming_CAMEL_CASE,5,4438.574,4337.099,5049.406,6408,true
current,positional_naming_CAMEL_CASE,5,2297.417,2192.654,2566.476,1880,true
baseline,positional_naming_KEBAB_CASE,5,4363.935,4215.393,5459.47,5888,true
before,positional_naming_KEBAB_CASE,5,4294.949,4120.515,4771.317,6696,true
current,positional_naming_KEBAB_CASE,5,3271.232,3017.715,3330.548,3648,true
baseline,positional_naming_NO_CHANGE,5,3243.822,3140.544,4586.205,4928,true
before,positional_naming_NO_CHANGE,5,3183.55,3069.573,3695.898,4928,true
current,positional_naming_NO_CHANGE,5,1984.222,1890.152,2114.867,1880,true
baseline,positional_naming_SCREAMING_SNAKE_CASE,5,4547.047,4254.18,5483.249,5904,true
before,positional_naming_SCREAMING_SNAKE_CASE,5,4214.201,4119.682,4423.319,6712,true
current,positional_naming_SCREAMING_SNAKE_CASE,5,3205.333,2981.979,3314.831,3664,true
baseline,positional_naming_UPPER_CAMEL_CASE,5,4541.279,4324.624,4974.043,5888,true
before,positional_naming_UPPER_CAMEL_CASE,5,4593.569,4369.263,4879.377,6424,true
current,positional_naming_UPPER_CAMEL_CASE,5,3415.341,3097.179,3647.914,3376,true
baseline,positional_nested,5,1214.983,1158.059,1637.627,2952,true
before,positional_nested,5,1126.257,1109.116,1177.575,3120,true
current,positional_nested,5,946.145,850.17,1285.515,1704,true
baseline,positional_pagination,5,988.238,954.367,1141.463,3288,true
before,positional_pagination,5,944.168,917.958,977.905,3408,true
current,positional_pagination,5,759.301,692.793,786.495,1824,true
baseline,positional_raw_expression,5,1571.028,1495.408,2145.053,2624,true
before,positional_raw_expression,5,1036.94,998.837,1129.469,2616,true
current,positional_raw_expression,5,953.534,918.369,1092.081,1744,true
baseline,positional_repeated_names,5,16276.412,14877.764,18273.609,30360,true
before,positional_repeated_names,5,15317.945,14991.926,15831.971,35520,true
current,positional_repeated_names,5,11671.124,11613.535,12742.122,17240,true
baseline,positional_retry_rollback,5,3191.668,2970.528,4283.854,5872,true
before,positional_retry_rollback,5,3101.773,2994.799,3200.534,6040,true
current,positional_retry_rollback,5,2542.841,2469.078,2784.418,3864,true
baseline,positional_row_in,5,982.059,909.561,1081.812,2624,true
before,positional_row_in,5,901.468,884.369,977.553,2752,true
current,positional_row_in,5,720.487,704.019,763.028,1608,true
baseline,positional_select_columns,5,849.344,797.387,1147.228,1952,true
before,positional_select_columns,5,808.76,779.979,836.418,2104,true
current,positional_select_columns,5,609.281,591.286,685.515,1216,true
baseline,positional_select_entity,5,605.194,584.824,692.105,2000,true
before,positional_select_entity,5,587.19,567.961,601.982,1992,true
current,positional_select_entity,5,543.741,496.929,565.45,1304,true
baseline,positional_select_expressions,5,2095.419,1977.03,2660.402,2728,true
before,positional_select_expressions,5,1563.411,1479.594,1597.906,2512,true
current,positional_select_expressions,5,1427.483,1409.548,1675.69,1936,true
baseline,positional_select_star,5,288.214,279.209,349.615,1424,true
before,positional_select_star,5,246.177,242.187,248.479,1240,true
current,positional_select_star,5,223.134,213.399,246.444,880,true
baseline,positional_subquery_raw,5,631.621,604.072,818.284,2272,true
before,positional_subquery_raw,5,637.642,618.764,671.108,2352,true
current,positional_subquery_raw,5,496.156,473.135,529.704,1344,true
baseline,positional_subquery_structured,5,1450.369,1408.039,2173.988,4704,true
before,positional_subquery_structured,5,1428.539,1390.639,1465.569,4856,true
current,positional_subquery_structured,5,1119.366,1095.279,1245.451,2856,true
baseline,positional_union_builder,5,5343.386,5094.046,6104.57,9768,true
before,positional_union_builder,5,2447.164,2340.274,2991.895,5920,true
current,positional_union_builder,5,2322.927,2111.907,2464.243,3968,true
baseline,positional_union_raw,5,3282.281,3122.763,4082.443,5200,true
before,positional_union_raw,5,1130.773,1122.664,1162.751,1968,true
current,positional_union_raw,5,1078.544,1048.023,1229.508,1472,true
baseline,positional_update_chain_16,5,6484.615,5760.505,8722.888,22360,true
before,positional_update_chain_16,5,6344.572,6176.702,6740.096,23168,true
current,positional_update_chain_16,5,4965.21,4694.639,5125.252,14560,true
baseline,positional_update_map,5,1089.092,1038.098,1317.986,3024,true
before,positional_update_map,5,1035.436,1022.387,1126.322,3192,true
current,positional_update_map,5,784.647,758.197,789.954,1872,true
baseline,positional_where_128,5,33105.505,30560.274,37459.847,32808,true
before,positional_where_128,5,30984.84,29820.803,33746.72,38992,true
current,positional_where_128,5,22768.75,21291.934,23689.804,20712,true
baseline,positional_where_16,5,4463.342,4277.051,5468.876,5888,true
before,positional_where_16,5,4175.498,4023.641,4309.932,6696,true
current,positional_where_16,5,3083.938,2938.194,3345.809,3648,true
baseline,positional_where_eq,5,923.863,913.956,1210.54,2664,true
before,positional_where_eq,5,893.22,853.05,905.865,2816,true
current,positional_where_eq,5,685.076,657.285,730.5,1592,true
baseline,raw_batch_4,5,2650.209,2545.741,3585.885,7584,false
before,raw_batch_4,5,2326.528,2209.39,2458.901,7456,true
current,raw_batch_4,5,1342.972,1277.646,1431.492,3304,true
baseline,raw_batch_64,5,28635.402,27470.755,33995.016,97344,false
before,raw_batch_64,5,23535.231,22964.92,25683.439,92416,true
current,raw_batch_64,5,11983.127,11507.9,12553.351,30184,true
baseline,raw_batch_beans,5,6492.052,6440.702,9515.833,16896,false
before,raw_batch_beans,5,6083.405,5313.704,7313.835,16792,true
current,raw_batch_beans,5,3617.438,3507.743,3829.598,8808,true
baseline,raw_between,5,1251.412,1232.943,1403.285,3384,true
before,raw_between,5,1162.32,1138.956,1283.213,3432,true
current,raw_between,5,737.155,711.301,759.677,1648,true
baseline,raw_condition_only,5,4833.113,4666.796,5370.039,7816,true
before,raw_condition_only,5,4505.993,4376.133,4924.272,8584,true
current,raw_condition_only,5,2560.9,2447.476,2729.886,2720,true
baseline,raw_delete,5,432.534,418.505,581.183,1624,true
before,raw_delete,5,422.433,405.178,458.672,1664,true
current,raw_delete,5,273.663,244.617,285.363,912,true
baseline,raw_derived,5,9578.52,9008.799,10675.216,15848,true
before,raw_derived,5,3640.23,3600.104,4003.036,7632,true
current,raw_derived,5,3385.887,3296.878,3480.849,5216,true
baseline,raw_group_order,5,3306.579,3163.015,3931.449,6432,true
before,raw_group_order,5,2237.445,2162.241,2380.346,6256,true
current,raw_group_order,5,1505.802,1437.29,1596.998,2952,true
baseline,raw_in_1024,5,77428.975,70023.333,85581.667,220248,true
before,raw_in_1024,5,72276.712,71393.421,81147.26,220328,true
current,raw_in_1024,5,13464.107,13134.115,13926.698,6328,true
baseline,raw_in_16,5,1714.27,1673.488,2075.54,5600,true
before,raw_in_16,5,1690.792,1586.391,2045.993,5680,true
current,raw_in_16,5,632.258,592.912,679.791,1344,true
baseline,raw_in_17,5,1795.463,1737.606,2054.743,5816,true
before,raw_in_17,5,1728.451,1677.906,1860.291,5896,true
current,raw_in_17,5,632.337,622.929,709.431,1352,true
baseline,raw_in_256,5,18590.665,17805.556,23647.416,56640,true
before,raw_in_256,5,18104.766,17626.258,20487.709,56720,true
current,raw_in_256,5,3637.755,3535.095,4051.351,2464,true
baseline,raw_in_expression,5,18691.354,17656.292,25206.803,56616,true
before,raw_in_expression,5,18955.386,18935.121,20760.201,57760,true
current,raw_in_expression,5,4856.466,4564.447,4985.8,3712,true
baseline,raw_insert_entity,5,848.693,844.486,1054.083,2176,false
before,raw_insert_entity,5,814.483,739.726,894.974,2128,true
current,raw_insert_entity,5,622.104,569.747,662.085,1264,true
baseline,raw_insert_placeholders,5,677.952,660.084,801.444,1944,true
before,raw_insert_placeholders,5,686.133,670.743,775.543,2096,true
current,raw_insert_placeholders,5,480.846,470.309,494.945,1208,true
baseline,raw_insert_values,5,1055.422,1008.658,1259.223,2464,false
before,raw_insert_values,5,960.583,952.895,1162.562,2544,true
current,raw_insert_values,5,722.103,643.46,826.011,1536,true
baseline,raw_join_on,5,1742.101,1627.809,2194.225,3952,true
before,raw_join_on,5,1355.016,1336.552,1580.181,4016,true
current,raw_join_on,5,1115.875,1008.65,1226.244,2336,true
baseline,raw_join_using,5,931.948,923.427,1143.36,3176,true
before,raw_join_using,5,946.342,920.32,1006.081,3344,true
current,raw_join_using,5,683.573,660.981,728.697,1664,true
baseline,raw_late_modifier,5,733.115,719.957,1027.857,2480,true
before,raw_late_modifier,5,723.784,692.742,740.992,2560,true
current,raw_late_modifier,5,493.548,479.538,522.76,1344,true
baseline,raw_mixed_literals,5,1543.405,1433.906,1976.703,3192,true
before,raw_mixed_literals,5,1455.471,1349.022,1599.204,3368,true
current,raw_mixed_literals,5,1062.057,962.504,1174.984,1864,true
baseline,raw_naming_CAMEL_CASE,5,4126.273,3960.562,5213.393,7880,true
before,raw_naming_CAMEL_CASE,5,5372.111,5161.887,5982.353,9360,true
current,raw_naming_CAMEL_CASE,5,2342.222,2244.969,2791.393,1504,true
baseline,raw_naming_KEBAB_CASE,5,5381.087,4889.697,6436.756,8840,true
before,raw_naming_KEBAB_CASE,5,5164.551,5038.526,5759.144,9648,true
current,raw_naming_KEBAB_CASE,5,3168.789,2983.252,3369.009,3272,true
baseline,raw_naming_NO_CHANGE,5,4239.38,3889.687,6719.149,7880,true
before,raw_naming_NO_CHANGE,5,4059.625,3927.511,4216.454,7880,true
current,raw_naming_NO_CHANGE,5,1952.551,1859.86,2188.461,1504,true
baseline,raw_naming_SCREAMING_SNAKE_CASE,5,5339.805,5290.884,6676.186,8856,true
before,raw_naming_SCREAMING_SNAKE_CASE,5,5148.476,5066.766,5543.742,9664,true
current,raw_naming_SCREAMING_SNAKE_CASE,5,3161.838,2945.103,3484.027,3288,true
baseline,raw_naming_UPPER_CAMEL_CASE,5,5400.599,5204.418,6266.19,8840,true
before,raw_naming_UPPER_CAMEL_CASE,5,5510.018,5167.128,6677.489,9376,true
current,raw_naming_UPPER_CAMEL_CASE,5,3258.27,3057.944,3591.015,3000,true
baseline,raw_nested,5,1359.399,1298.671,1641.611,3280,true
before,raw_nested,5,1261.077,1226.511,1423.021,3448,true
current,raw_nested,5,883.481,839.183,937.96,1616,true
baseline,raw_pagination,5,1030.388,979.964,1187.274,3400,true
before,raw_pagination,5,999.873,990.01,1077.261,3520,true
current,raw_pagination,5,723.325,676.495,757.919,1712,true
baseline,raw_raw_expression,5,1572.455,1486.561,2104.546,2624,true
before,raw_raw_expression,5,1026.161,1005.942,1101.251,2616,true
current,raw_raw_expression,5,962.15,921.673,987.597,1744,true
baseline,raw_repeated_names,5,23071.884,21270.552,33231.507,53896,true
before,raw_repeated_names,5,21756.757,21508.325,25104.564,59056,true
current,raw_repeated_names,5,11911.184,11360.239,12388.216,14152,true
baseline,raw_retry_rollback,5,3919.662,3395.042,4213.985,6376,true
before,raw_retry_rollback,5,3242.727,3100.33,3594.606,6400,true
current,raw_retry_rollback,5,2792.071,2578.036,3090.384,3976,true
baseline,raw_row_in,5,1236.914,1142.604,1443.661,3136,true
before,raw_row_in,5,1120.265,1074.739,1195.053,3168,true
current,raw_row_in,5,764.824,724.023,852.964,1608,true
baseline,raw_select_columns,5,828.505,784.311,1055.236,1952,true
before,raw_select_columns,5,810.935,795.795,824.972,2104,true
current,raw_select_columns,5,617.199,572.458,636.706,1216,true
baseline,raw_select_entity,5,583.952,573.451,689.722,2000,true
before,raw_select_entity,5,583.353,569.65,682.892,1992,true
current,raw_select_entity,5,535.349,491.819,583.22,1304,true
baseline,raw_select_expressions,5,2105.168,2031.902,2625.192,2728,true
before,raw_select_expressions,5,1511.899,1488.249,1647.049,2512,true
current,raw_select_expressions,5,1459.424,1405.441,1658.98,1936,true
baseline,raw_select_star,5,307.761,279.351,345.616,1424,true
before,raw_select_star,5,234.305,229.67,251.433,1240,true
current,raw_select_star,5,218.99,206.692,224.957,880,true
baseline,raw_subquery_raw,5,638.401,603.334,989.75,2272,true
before,raw_subquery_raw,5,627.344,622.371,697.692,2352,true
current,raw_subquery_raw,5,500.621,484.641,528.2,1344,true
baseline,raw_subquery_structured,5,1415.002,1305.811,1666.311,4616,true
before,raw_subquery_structured,5,1343.395,1295.322,1427.792,4720,true
current,raw_subquery_structured,5,1119.906,1083.818,1128.276,2720,true
baseline,raw_union_builder,5,5552.034,5368.843,6416.487,10160,true
before,raw_union_builder,5,2509.618,2467.639,2975.67,6120,true
current,raw_union_builder,5,2165.862,2082.454,2404.459,3752,true
baseline,raw_union_raw,5,3469.008,3209.726,3856.517,5200,true
before,raw_union_raw,5,1140.639,1120.021,1233.16,1968,true
current,raw_union_raw,5,1099.958,1017.683,1140.074,1472,true
baseline,raw_update_chain_16,5,8112.712,7944.358,9891.939,25448,true
before,raw_update_chain_16,5,8206.76,7877.126,8917.148,26256,true
current,raw_update_chain_16,5,4898.724,4826.023,5094.794,13856,true
baseline,raw_update_map,5,1381.488,1337.475,1939.346,3592,false
before,raw_update_map,5,1269.593,1250.958,1365.994,3712,true
current,raw_update_map,5,825.581,799.364,942.001,1960,true
baseline,raw_where_128,5,39734.183,38318.478,48266.169,56496,true
before,raw_where_128,5,37031.283,36494.326,39222.468,62680,true
current,raw_where_128,5,22231.488,21640.779,23327.165,17776,true
baseline,raw_where_16,5,5299.916,4975.65,7272.982,8840,true
before,raw_where_16,5,5129.542,4932.204,5364.198,9648,true
current,raw_where_16,5,2997.95,2869.453,3653.331,3272,true
baseline,raw_where_eq,5,1000.865,980.808,1225.816,2784,true
before,raw_where_eq,5,951.988,931.347,981.686,2936,true
current,raw_where_eq,5,639.163,598.79,686.228,1504,true
