version,fork,shape,size,median_ns,median_bytes,expected,min_count,max_count,semantic_match
baseline,1,array_positional,4096,36900,25144,4096,0,0,false
baseline,1,array_mybatis,1024,2763650,27681488,1024,1024,1024,true
baseline,1,quoted_and_comments,2,1763.477,1192,2,2,2,true
baseline,1,array_named,4096,269250,395776,4096,4096,4096,true
baseline,1,no_parameters,0,1360.840,1248,0,0,0,true
baseline,1,where_positional,16,10417.188,5224,16,16,16,true
baseline,1,deep_unary,256,57278.125,33048,1,1,1,true
baseline,1,array_positional,1024,9375,6712,1024,0,0,false
baseline,1,array_named,256,15768.750,22776,256,256,256,true
baseline,1,json_constructor,1,1573.926,1136,1,0,0,false
baseline,1,where_positional,128,78287.646,35904,128,128,128,true
baseline,1,array_mybatis,8192,147667200,1814143252,8192,8192,8192,true
baseline,1,geometric_cast,1,1665.088,792,1,1,1,true
baseline,1,array_positional,8192,84750,139940,8192,0,0,false
baseline,1,where_mybatis,2,2588.135,2552,2,2,2,true
baseline,1,bare_concat,256,21240.625,3296,256,1,1,false
baseline,1,where_positional,2,1655.322,1456,2,2,2,true
baseline,1,deep_unary,4096,871250,510648,1,1,1,true
baseline,1,array_positional,256,3012.500,2617.250,256,0,0,false
baseline,1,where_named,16,11475.098,7960,16,16,16,true
baseline,1,bare_concat,1024,79037.500,11360,1024,1,1,false
baseline,1,join_positional,4,5270.020,3824,4,4,4,true
baseline,1,deep_unary,8192,1786350,1061092,1,1,1,true
baseline,1,array_mybatis,4096,39097050,453545112,4096,4096,4096,true
baseline,1,where_named,2,2003.271,1816,2,2,2,true
baseline,1,array_mybatis,256,226731.250,1777536,256,256,256,true
baseline,1,jdbc_escape,1,1927.490,1176,1,1,1,true
baseline,1,bare_concat,8192,651000,127628,8192,1,1,false
baseline,1,array_named,8192,557750,863844,8192,8192,8192,true
baseline,1,deep_unary,1024,227800,128568,1,1,1,true
baseline,1,bare_concat,4096,371700,43616,4096,1,1,false
baseline,1,array_named,1024,62762.500,87088,1024,1024,1024,true
baseline,1,join_mybatis,4,6983.350,5800,4,4,4,true
baseline,1,json_operator,1,1580.029,1128,1,1,1,true
baseline,1,where_mybatis,16,16293.701,14656,16,16,16,true
baseline,1,join_named,4,5396.191,3968,4,4,4,true
baseline,1,cached_positional_same,2,13.352,0,2,2,2,true
baseline,1,cached_positional_equal,2,17.125,0,2,2,2,true
baseline,1,cached_named_same,2,13.106,0,2,2,2,true
baseline,1,cached_named_equal,2,17.449,0,2,2,2,true
baseline,2,array_named,8192,509700,863844,8192,8192,8192,true
baseline,2,where_mybatis,16,15975,14656,16,16,16,true
baseline,2,deep_unary,8192,1780600,1061092,1,1,1,true
baseline,2,bare_concat,256,20818.750,3296,256,1,1,false
baseline,2,deep_unary,1024,229050,128568,1,1,1,true
baseline,2,where_positional,128,79094.775,35904,128,128,128,true
baseline,2,where_positional,16,10323.486,5224,16,16,16,true
baseline,2,array_named,256,15290.625,22776,256,256,256,true
baseline,2,quoted_and_comments,2,1775.635,1192,2,2,2,true
baseline,2,join_mybatis,4,6665.479,5800,4,4,4,true
baseline,2,where_named,16,11881.738,7960,16,16,16,true
baseline,2,deep_unary,256,57075,33048,1,1,1,true
baseline,2,json_operator,1,1666.260,1128,1,1,1,true
baseline,2,jdbc_escape,1,1873.535,1176,1,1,1,true
baseline,2,array_named,4096,268800,395776,4096,4096,4096,true
baseline,2,array_mybatis,1024,2572312.500,27681488,1024,1024,1024,true
baseline,2,array_positional,1024,9462.500,6712,1024,0,0,false
baseline,2,array_mybatis,256,207693.750,1777536,256,256,256,true
baseline,2,array_mybatis,8192,150521850,1814143252,8192,8192,8192,true
baseline,2,bare_concat,4096,324100,43616,4096,1,1,false
baseline,2,where_named,2,2015.723,1816,2,2,2,true
baseline,2,geometric_cast,1,1540.674,792,1,1,1,true
baseline,2,array_mybatis,4096,37395400,453545112,4096,4096,4096,true
baseline,2,join_positional,4,5146.436,3824,4,4,4,true
baseline,2,array_named,1024,58750,87088,1024,1024,1024,true
baseline,2,array_positional,8192,79950,139940,8192,0,0,false
baseline,2,where_mybatis,2,2606.152,2552,2,2,2,true
baseline,2,bare_concat,1024,79950,11360,1024,1,1,false
baseline,2,deep_unary,4096,883000,510648,1,1,1,true
baseline,2,bare_concat,8192,629350,127628,8192,1,1,false
baseline,2,no_parameters,0,1279.883,1248,0,0,0,true
baseline,2,array_positional,4096,34550,25144,4096,0,0,false
baseline,2,where_positional,2,1753.711,1456,2,2,2,true
baseline,2,join_named,4,5449.756,3968,4,4,4,true
baseline,2,array_positional,256,2678.125,2104,256,0,0,false
baseline,2,json_constructor,1,1527.100,1136,1,0,0,false
baseline,2,cached_positional_same,2,13.418,0,2,2,2,true
baseline,2,cached_positional_equal,2,18.062,0,2,2,2,true
baseline,2,cached_named_same,2,22.170,0,2,2,2,true
baseline,2,cached_named_equal,2,29.988,0,2,2,2,true
baseline,3,deep_unary,256,59656.250,33048,1,1,1,true
baseline,3,array_named,4096,262050,395776,4096,4096,4096,true
baseline,3,quoted_and_comments,2,1818.213,1192,2,2,2,true
baseline,3,array_named,1024,69050,87088,1024,1024,1024,true
baseline,3,geometric_cast,1,1568.115,792,1,1,1,true
baseline,3,where_positional,128,79838.867,35904,128,128,128,true
baseline,3,array_named,256,15415.625,22776,256,256,256,true
baseline,3,array_mybatis,1024,2907150,27681488,1024,1024,1024,true
baseline,3,no_parameters,0,1326.416,1248,0,0,0,true
baseline,3,json_operator,1,1669.971,1128,1,1,1,true
baseline,3,where_mybatis,16,16053.760,14656,16,16,16,true
baseline,3,array_positional,256,3262.500,2104,256,0,0,false
baseline,3,array_mybatis,256,239584.375,1777536,256,256,256,true
baseline,3,deep_unary,4096,859600,510648,1,1,1,true
baseline,3,where_positional,16,10572.900,5224,16,16,16,true
baseline,3,bare_concat,256,21868.750,3296,256,1,1,false
baseline,3,json_constructor,1,1545.947,1136,1,0,0,false
baseline,3,where_named,16,11984.180,7960,16,16,16,true
baseline,3,array_mybatis,4096,37395850,453545112,4096,4096,4096,true
baseline,3,array_positional,8192,89750,139940,8192,0,0,false
baseline,3,bare_concat,1024,81862.500,11360,1024,1,1,false
baseline,3,where_named,2,2107.520,1816,2,2,2,true
baseline,3,join_positional,4,5378.174,3824,4,4,4,true
baseline,3,deep_unary,8192,1769050,1061092,1,1,1,true
baseline,3,deep_unary,1024,222537.500,130621,1,1,1,true
baseline,3,array_named,8192,535100,863844,8192,8192,8192,true
baseline,3,array_positional,1024,10025,6712,1024,0,0,false
baseline,3,join_mybatis,4,6652.734,5800,4,4,4,true
baseline,3,bare_concat,4096,317650,43616,4096,1,1,false
baseline,3,join_named,4,5407.861,3968,4,4,4,true
baseline,3,where_positional,2,1703.564,1456,2,2,2,true
baseline,3,jdbc_escape,1,1881.787,1176,1,1,1,true
baseline,3,array_positional,4096,42650,25144,4096,0,0,false
baseline,3,bare_concat,8192,710050,127628,8192,1,1,false
baseline,3,where_mybatis,2,2556.250,2552,2,2,2,true
baseline,3,array_mybatis,8192,156742100,1814143252,8192,8192,8192,true
baseline,3,cached_positional_same,2,15.460,0,2,2,2,true
baseline,3,cached_positional_equal,2,22.373,0,2,2,2,true
baseline,3,cached_named_same,2,17.133,0,2,2,2,true
baseline,3,cached_named_equal,2,22.096,0,2,2,2,true
baseline,4,array_named,4096,268350,395776,4096,4096,4096,true
baseline,4,array_named,1024,67337.500,87088,1024,1024,1024,true
baseline,4,geometric_cast,1,1644.336,792,1,1,1,true
baseline,4,array_named,8192,587050,863844,8192,8192,8192,true
baseline,4,bare_concat,256,21968.750,3296,256,1,1,false
baseline,4,array_positional,256,2728.125,2104,256,0,0,false
baseline,4,join_mybatis,4,6953.223,5800,4,4,4,true
baseline,4,join_positional,4,5516.846,3824,4,4,4,true
baseline,4,deep_unary,1024,225887.500,128568,1,1,1,true
baseline,4,where_positional,16,10661.963,5224,16,16,16,true
baseline,4,json_constructor,1,1597.266,1136,1,0,0,false
baseline,4,no_parameters,0,1289.941,1248,0,0,0,true
baseline,4,array_mybatis,8192,157330200,1814143252,8192,8192,8192,true
baseline,4,join_named,4,5564.404,3968,4,4,4,true
baseline,4,deep_unary,4096,884950,510648,1,1,1,true
baseline,4,quoted_and_comments,2,1913.281,1192,2,2,2,true
baseline,4,array_mybatis,1024,2908062.500,27681488,1024,1024,1024,true
baseline,4,json_operator,1,1708.545,1128,1,1,1,true
baseline,4,where_named,16,11886.768,7960,16,16,16,true
baseline,4,where_positional,128,81023.682,35904,128,128,128,true
baseline,4,deep_unary,256,59009.375,33048,1,1,1,true
baseline,4,jdbc_escape,1,2024.756,1176,1,1,1,true
baseline,4,array_positional,1024,9787.500,6712,1024,0,0,false
baseline,4,where_positional,2,1698.877,1456,2,2,2,true
baseline,4,array_named,256,16684.375,22776,256,256,256,true
baseline,4,where_mybatis,2,2646.973,2552,2,2,2,true
baseline,4,array_positional,8192,83950,139940,8192,0,0,false
baseline,4,bare_concat,8192,645750,127628,8192,1,1,false
baseline,4,array_mybatis,4096,40094100,453553324,4096,4096,4096,true
baseline,4,bare_concat,1024,81137.500,11360,1024,1,1,false
baseline,4,bare_concat,4096,323650,43616,4096,1,1,false
baseline,4,where_mybatis,16,16262.549,14656,16,16,16,true
baseline,4,array_mybatis,256,208146.875,1777536,256,256,256,true
baseline,4,array_positional,4096,37450,25144,4096,0,0,false
baseline,4,where_named,2,2013.770,1816,2,2,2,true
baseline,4,deep_unary,8192,1763050,1061092,1,1,1,true
baseline,4,cached_positional_same,2,13.831,0,2,2,2,true
baseline,4,cached_positional_equal,2,24.182,0,2,2,2,true
baseline,4,cached_named_same,2,18.067,0,2,2,2,true
baseline,4,cached_named_equal,2,23.103,0,2,2,2,true
baseline,5,deep_unary,1024,248762.500,128568,1,1,1,true
baseline,5,no_parameters,0,1262.793,1248,0,0,0,true
baseline,5,array_positional,1024,9550,6712,1024,0,0,false
baseline,5,where_positional,2,2113.379,1456,2,2,2,true
baseline,5,array_mybatis,4096,39208100,453545112,4096,4096,4096,true
baseline,5,array_named,256,16984.375,22776,256,256,256,true
baseline,5,where_named,2,2673.291,1816,2,2,2,true
baseline,5,array_named,8192,565250,863844,8192,8192,8192,true
baseline,5,array_positional,256,3596.875,2104,256,0,0,false
baseline,5,deep_unary,8192,2303950,1061092,1,1,1,true
baseline,5,where_mybatis,2,3469.678,2552,2,2,2,true
baseline,5,json_constructor,1,1643.359,1136,1,0,0,false
baseline,5,join_named,4,5729.297,3968,4,4,4,true
baseline,5,deep_unary,256,57146.875,33048,1,1,1,true
baseline,5,where_positional,128,83623.242,35904,128,128,128,true
baseline,5,array_mybatis,8192,164849050,1814143252,8192,8192,8192,true
baseline,5,bare_concat,256,20921.875,3809.250,256,1,1,false
baseline,5,bare_concat,8192,651650,127628,8192,1,1,false
baseline,5,where_mybatis,16,16157.471,14656,16,16,16,true
baseline,5,array_named,4096,276150,395776,4096,4096,4096,true
baseline,5,join_positional,4,5750.586,3824,4,4,4,true
baseline,5,bare_concat,4096,333100,43616,4096,1,1,false
baseline,5,where_named,16,13822.656,7960,16,16,16,true
baseline,5,jdbc_escape,1,2168.701,1176,1,1,1,true
baseline,5,quoted_and_comments,2,2057.715,1192,2,2,2,true
baseline,5,array_mybatis,1024,2610087.500,27681488,1024,1024,1024,true
baseline,5,geometric_cast,1,1788.232,792,1,1,1,true
baseline,5,array_mybatis,256,210375,1777536,256,256,256,true
baseline,5,array_positional,8192,79500,139940,8192,0,0,false
baseline,5,where_positional,16,11438.477,5224,16,16,16,true
baseline,5,bare_concat,1024,88375,11360,1024,1,1,false
baseline,5,array_positional,4096,40000,25144,4096,0,0,false
baseline,5,json_operator,1,1516.846,1128,1,1,1,true
baseline,5,array_named,1024,64687.500,87088,1024,1024,1024,true
baseline,5,deep_unary,4096,887650,510648,1,1,1,true
baseline,5,join_mybatis,4,7160.303,5800,4,4,4,true
baseline,5,cached_positional_same,2,21.789,0,2,2,2,true
baseline,5,cached_positional_equal,2,29.138,0,2,2,2,true
baseline,5,cached_named_same,2,20.653,0,2,2,2,true
baseline,5,cached_named_equal,2,28.467,0,2,2,2,true
current,1,array_positional,4096,973250,1613680,4096,4096,4096,true
current,1,array_mybatis,1024,233325,316088,1024,1024,1024,true
current,1,quoted_and_comments,2,2921.680,1608,2,2,2,true
current,1,array_named,4096,342950,510400,4096,4096,4096,true
current,1,no_parameters,0,1403.271,1400,0,0,0,true
current,1,where_positional,16,14768.311,6128,16,16,16,true
current,1,deep_unary,256,81343.750,38384,1,1,1,true
current,1,array_positional,1024,224500,418688,1024,1024,1024,true
current,1,array_named,256,18368.750,30168,256,256,256,true
current,1,json_constructor,1,2440.918,1576,1,1,1,true
current,1,where_positional,128,105815.332,42632,128,128,128,true
current,1,array_mybatis,8192,1858950,2745516,8192,8192,8192,true
current,1,geometric_cast,1,2158.203,1400,1,1,1,true
current,1,array_positional,8192,1807650,3567740,8192,8192,8192,true
current,1,where_mybatis,2,3093.701,4008,2,2,2,true
current,1,bare_concat,256,30925,13512,256,256,256,true
current,1,where_positional,2,2953.662,1872,2,2,2,true
current,1,deep_unary,4096,1262000,585168,1,1,1,true
current,1,array_positional,256,58928.125,101681.250,256,256,256,true
current,1,where_named,16,11963.525,11552,16,16,16,true
current,1,bare_concat,1024,126512.500,61056,1024,1024,1024,true
current,1,join_positional,4,8974.512,4312,4,4,4,true
current,1,deep_unary,8192,2551050,1209356,1,1,1,true
current,1,array_mybatis,4096,934350,1272216,4096,4096,4096,true
current,1,where_named,2,2195.801,2384,2,2,2,true
current,1,array_mybatis,256,57134.375,65544,256,256,256,true
current,1,jdbc_escape,1,2627.344,1584,1,1,1,true
current,1,bare_concat,8192,944900,575580,8192,8192,8192,true
current,1,array_named,8192,681100,1178932,8192,8192,8192,true
current,1,deep_unary,1024,317937.500,147760,1,1,1,true
current,1,bare_concat,4096,482050,203160,4096,4096,4096,true
current,1,array_named,1024,79812.500,122336,1024,1024,1024,true
current,1,join_mybatis,4,8014.648,8616,4,4,4,true
current,1,json_operator,1,2463.770,1536,1,1,1,true
current,1,where_mybatis,16,18571.631,25368,16,16,16,true
current,1,join_named,4,5742.236,5008,4,4,4,true
current,1,cached_positional_same,2,13.617,0,2,2,2,true
current,1,cached_positional_equal,2,16.414,0,2,2,2,true
current,1,cached_named_same,2,12.670,0,2,2,2,true
current,1,cached_named_equal,2,16.710,0,2,2,2,true
current,2,array_named,8192,705800,1178884,8192,8192,8192,true
current,2,where_mybatis,16,18437.158,25320,16,16,16,true
current,2,deep_unary,8192,2499900,1209308,1,1,1,true
current,2,bare_concat,256,30106.250,13464,256,256,256,true
current,2,deep_unary,1024,308850,147712,1,1,1,true
current,2,where_positional,128,104680.469,42584,128,128,128,true
current,2,where_positional,16,14519.336,6080,16,16,16,true
current,2,array_named,256,18503.125,30120,256,256,256,true
current,2,quoted_and_comments,2,2939.453,1560,2,2,2,true
current,2,join_mybatis,4,7472.119,8568,4,4,4,true
current,2,where_named,16,12012.598,11504,16,16,16,true
current,2,deep_unary,256,78718.750,38336,1,1,1,true
current,2,json_operator,1,2458.643,1488,1,1,1,true
current,2,jdbc_escape,1,2605.811,1536,1,1,1,true
current,2,array_named,4096,334400,510352,4096,4096,4096,true
current,2,array_mybatis,1024,230437.500,316040,1024,1024,1024,true
current,2,array_positional,1024,224775,418640,1024,1024,1024,true
current,2,array_mybatis,256,55865.625,65496,256,256,256,true
current,2,array_mybatis,8192,1904950,2745468,8192,8192,8192,true
current,2,bare_concat,4096,465450,203112,4096,4096,4096,true
current,2,where_named,2,2201.611,2336,2,2,2,true
current,2,geometric_cast,1,2149.658,1352,1,1,1,true
current,2,array_mybatis,4096,925500,1272168,4096,4096,4096,true
current,2,join_positional,4,8216.162,4264,4,4,4,true
current,2,array_named,1024,77550,122288,1024,1024,1024,true
current,2,array_positional,8192,1804900,3567692,8192,8192,8192,true
current,2,where_mybatis,2,3165.918,3960,2,2,2,true
current,2,bare_concat,1024,123825,61008,1024,1024,1024,true
current,2,deep_unary,4096,1224150,585120,1,1,1,true
current,2,bare_concat,8192,921950,575532,8192,8192,8192,true
current,2,no_parameters,0,1421.240,1352,0,0,0,true
current,2,array_positional,4096,851250,1613632,4096,4096,4096,true
current,2,where_positional,2,2871.973,1824,2,2,2,true
current,2,join_named,4,5812.646,4960,4,4,4,true
current,2,array_positional,256,52784.375,101120,256,256,256,true
current,2,json_constructor,1,2427.881,1528,1,1,1,true
current,2,cached_positional_same,2,13.088,0,2,2,2,true
current,2,cached_positional_equal,2,17.266,0,2,2,2,true
current,2,cached_named_same,2,13.024,0,2,2,2,true
current,2,cached_named_equal,2,17.538,0,2,2,2,true
current,3,deep_unary,256,91031.250,38336,1,1,1,true
current,3,array_named,4096,341550,510352,4096,4096,4096,true
current,3,quoted_and_comments,2,3111.230,1560,2,2,2,true
current,3,array_named,1024,79500,122288,1024,1024,1024,true
current,3,geometric_cast,1,2299.023,1352,1,1,1,true
current,3,where_positional,128,115178.174,42584,128,128,128,true
current,3,array_named,256,19762.500,30120,256,256,256,true
current,3,array_mybatis,1024,238675,316040,1024,1024,1024,true
current,3,no_parameters,0,1448.047,1352,0,0,0,true
current,3,json_operator,1,2597.949,1488,1,1,1,true
current,3,where_mybatis,16,20909.375,25320,16,16,16,true
current,3,array_positional,256,56703.125,101120,256,256,256,true
current,3,array_mybatis,256,58071.875,65496,256,256,256,true
current,3,deep_unary,4096,1320350,585120,1,1,1,true
current,3,where_positional,16,15405.371,6080,16,16,16,true
current,3,bare_concat,256,32718.750,13464,256,256,256,true
current,3,json_constructor,1,2587.842,1528,1,1,1,true
current,3,where_named,16,12594.092,11504,16,16,16,true
current,3,array_mybatis,4096,947150,1272168,4096,4096,4096,true
current,3,array_positional,8192,1766700,3567692,8192,8192,8192,true
current,3,bare_concat,1024,126600,61008,1024,1024,1024,true
current,3,where_named,2,2404.199,2336,2,2,2,true
current,3,join_positional,4,9087.500,4264,4,4,4,true
current,3,deep_unary,8192,2596150,1209308,1,1,1,true
current,3,deep_unary,1024,324350,149765,1,1,1,true
current,3,array_named,8192,704100,1178884,8192,8192,8192,true
current,3,array_positional,1024,230812.500,418640,1024,1024,1024,true
current,3,join_mybatis,4,7798.535,8568,4,4,4,true
current,3,bare_concat,4096,494300,203112,4096,4096,4096,true
current,3,join_named,4,6134.082,4960,4,4,4,true
current,3,where_positional,2,3093.945,1824,2,2,2,true
current,3,jdbc_escape,1,2732.666,1536,1,1,1,true
current,3,array_positional,4096,890800,1613632,4096,4096,4096,true
current,3,bare_concat,8192,964300,575532,8192,8192,8192,true
current,3,where_mybatis,2,3230.469,3960,2,2,2,true
current,3,array_mybatis,8192,1950500,2745468,8192,8192,8192,true
current,3,cached_positional_same,2,13.585,0,2,2,2,true
current,3,cached_positional_equal,2,18.388,0,2,2,2,true
current,3,cached_named_same,2,15.536,0,2,2,2,true
current,3,cached_named_equal,2,17.561,0,2,2,2,true
current,4,array_named,4096,477400,510400,4096,4096,4096,true
current,4,array_named,1024,88462.500,122336,1024,1024,1024,true
current,4,geometric_cast,1,3424.951,1400,1,1,1,true
current,4,array_named,8192,823050,1178932,8192,8192,8192,true
current,4,bare_concat,256,34606.250,13512,256,256,256,true
current,4,array_positional,256,90740.625,101168,256,256,256,true
current,4,join_mybatis,4,8670.117,8616,4,4,4,true
current,4,join_positional,4,10023.584,4312,4,4,4,true
current,4,deep_unary,1024,389712.500,147760,1,1,1,true
current,4,where_positional,16,20503.320,6128,16,16,16,true
current,4,json_constructor,1,3340.771,1576,1,1,1,true
current,4,no_parameters,0,2361.963,1400,0,0,0,true
current,4,array_mybatis,8192,2487700,2745516,8192,8192,8192,true
current,4,join_named,4,8990.820,5008,4,4,4,true
current,4,deep_unary,4096,1440850,585168,1,1,1,true
current,4,quoted_and_comments,2,4625.488,1608,2,2,2,true
current,4,array_mybatis,1024,279562.500,316088,1024,1024,1024,true
current,4,json_operator,1,3884.424,1536,1,1,1,true
current,4,where_named,16,14389.209,11552,16,16,16,true
current,4,where_positional,128,149651.221,42632,128,128,128,true
current,4,deep_unary,256,87900,38384,1,1,1,true
current,4,jdbc_escape,1,4594.873,1584,1,1,1,true
current,4,array_positional,1024,246825,418688,1024,1024,1024,true
current,4,where_positional,2,3388.379,1872,2,2,2,true
current,4,array_named,256,23871.875,30168,256,256,256,true
current,4,where_mybatis,2,5220.850,4008,2,2,2,true
current,4,array_positional,8192,2765250,3567740,8192,8192,8192,true
current,4,bare_concat,8192,1022850,575580,8192,8192,8192,true
current,4,array_mybatis,4096,1043300,1280428,4096,4096,4096,true
current,4,bare_concat,1024,127862.500,61056,1024,1024,1024,true
current,4,bare_concat,4096,540150,203160,4096,4096,4096,true
current,4,where_mybatis,16,23970.947,25368,16,16,16,true
current,4,array_mybatis,256,79121.875,65544,256,256,256,true
current,4,array_positional,4096,1200100,1613680,4096,4096,4096,true
current,4,where_named,2,2424.170,2384,2,2,2,true
current,4,deep_unary,8192,2846250,1209356,1,1,1,true
current,4,cached_positional_same,2,13.714,0,2,2,2,true
current,4,cached_positional_equal,2,18.544,0,2,2,2,true
current,4,cached_named_same,2,12.650,0,2,2,2,true
current,4,cached_named_equal,2,17.582,0,2,2,2,true
current,5,deep_unary,1024,314975,147760,1,1,1,true
current,5,no_parameters,0,1405.371,1400,0,0,0,true
current,5,array_positional,1024,216562.500,418688,1024,1024,1024,true
current,5,where_positional,2,2911.328,1872,2,2,2,true
current,5,array_mybatis,4096,920000,1272216,4096,4096,4096,true
current,5,array_named,256,18903.125,30168,256,256,256,true
current,5,where_named,2,2345.459,2384,2,2,2,true
current,5,array_named,8192,667400,1178932,8192,8192,8192,true
current,5,array_positional,256,54115.625,101168,256,256,256,true
current,5,deep_unary,8192,2520250,1209356,1,1,1,true
current,5,where_mybatis,2,3176.660,4008,2,2,2,true
current,5,json_constructor,1,2487.646,1576,1,1,1,true
current,5,join_named,4,5970.410,5008,4,4,4,true
current,5,deep_unary,256,80325,38384,1,1,1,true
current,5,where_positional,128,105031.934,42632,128,128,128,true
current,5,array_mybatis,8192,1860950,2745516,8192,8192,8192,true
current,5,bare_concat,256,31318.750,14025.250,256,256,256,true
current,5,bare_concat,8192,940800,575580,8192,8192,8192,true
current,5,where_mybatis,16,18654.346,25368,16,16,16,true
current,5,array_named,4096,326100,510400,4096,4096,4096,true
current,5,join_positional,4,8455.713,4312,4,4,4,true
current,5,bare_concat,4096,472350,203160,4096,4096,4096,true
current,5,where_named,16,11905.908,11552,16,16,16,true
current,5,jdbc_escape,1,2621.045,1584,1,1,1,true
current,5,quoted_and_comments,2,2965.723,1608,2,2,2,true
current,5,array_mybatis,1024,229425,316088,1024,1024,1024,true
current,5,geometric_cast,1,2260.547,1400,1,1,1,true
current,5,array_mybatis,256,56040.625,65544,256,256,256,true
current,5,array_positional,8192,1715150,3567740,8192,8192,8192,true
current,5,where_positional,16,14506.445,6128,16,16,16,true
current,5,bare_concat,1024,120962.500,61056,1024,1024,1024,true
current,5,array_positional,4096,898450,1613680,4096,4096,4096,true
current,5,json_operator,1,2446.045,1536,1,1,1,true
current,5,array_named,1024,79650,122336,1024,1024,1024,true
current,5,deep_unary,4096,1245550,585168,1,1,1,true
current,5,join_mybatis,4,7480.518,8616,4,4,4,true
current,5,cached_positional_same,2,12.434,0,2,2,2,true
current,5,cached_positional_equal,2,16.103,0,2,2,2,true
current,5,cached_named_same,2,11.705,0,2,2,2,true
current,5,cached_named_equal,2,15.596,0,2,2,2,true
baseline_common8,1,array_positional,4096,38100,25144,4096,0,0,false
baseline_common8,1,array_mybatis,1024,2731062.500,27681488,1024,1024,1024,true
baseline_common8,1,quoted_and_comments,2,1905.273,1192,2,2,2,true
baseline_common8,1,array_named,4096,275100,395776,4096,4096,4096,true
baseline_common8,1,no_parameters,0,1847.803,1248,0,0,0,true
baseline_common8,1,where_positional,16,11125.049,5224,16,16,16,true
baseline_common8,1,deep_unary,256,59278.125,33048,1,1,1,true
baseline_common8,1,array_positional,1024,10562.500,6712,1024,0,0,false
baseline_common8,1,array_named,256,16946.875,22776,256,256,256,true
baseline_common8,1,json_constructor,1,1969.775,1136,1,0,0,false
baseline_common8,1,where_positional,128,85889.941,35904,128,128,128,true
baseline_common8,1,array_mybatis,8192,156554150,1814143252,8192,8192,8192,true
baseline_common8,1,geometric_cast,1,1782.080,792,1,1,1,true
baseline_common8,1,array_positional,8192,83750,139940,8192,0,0,false
baseline_common8,1,where_mybatis,2,2934.766,2552,2,2,2,true
baseline_common8,1,bare_concat,256,24356.250,3296,256,1,1,false
baseline_common8,1,where_positional,2,1824.512,1456,2,2,2,true
baseline_common8,1,deep_unary,4096,948900,510648,1,1,1,true
baseline_common8,1,array_positional,256,3262.500,2617.250,256,0,0,false
baseline_common8,1,where_named,16,12338.086,7960,16,16,16,true
baseline_common8,1,bare_concat,1024,85512.500,11360,1024,1,1,false
baseline_common8,1,join_positional,4,5365.674,3824,4,4,4,true
baseline_common8,1,deep_unary,8192,1795000,1061092,1,1,1,true
baseline_common8,1,array_mybatis,4096,39555900,453545112,4096,4096,4096,true
baseline_common8,1,where_named,2,2051.660,1816,2,2,2,true
baseline_common8,1,array_mybatis,256,214721.875,1777536,256,256,256,true
baseline_common8,1,jdbc_escape,1,2153.760,1176,1,1,1,true
baseline_common8,1,bare_concat,8192,706450,127628,8192,1,1,false
baseline_common8,1,array_named,8192,594750,863844,8192,8192,8192,true
baseline_common8,1,deep_unary,1024,257750,128568,1,1,1,true
baseline_common8,1,bare_concat,4096,339450,43616,4096,1,1,false
baseline_common8,1,array_named,1024,64075,87088,1024,1024,1024,true
baseline_common8,1,join_mybatis,4,7217.920,5800,4,4,4,true
baseline_common8,1,json_operator,1,1632.275,1128,1,1,1,true
baseline_common8,1,where_mybatis,16,17830.713,14656,16,16,16,true
baseline_common8,1,join_named,4,5840.820,3968,4,4,4,true
baseline_common8,1,cached_positional_same,2,13.695,0,2,2,2,true
baseline_common8,1,cached_positional_equal,2,18.465,0,2,2,2,true
baseline_common8,1,cached_named_same,2,13.383,0,2,2,2,true
baseline_common8,1,cached_named_equal,2,18.047,0,2,2,2,true
baseline_common8,2,array_named,8192,526950,863844,8192,8192,8192,true
baseline_common8,2,where_mybatis,16,16095.850,14272,16,16,16,true
baseline_common8,2,deep_unary,8192,1704300,1061092,1,1,1,true
baseline_common8,2,bare_concat,256,20700,3296,256,1,1,false
baseline_common8,2,deep_unary,1024,213687.500,128568,1,1,1,true
baseline_common8,2,where_positional,128,76746.826,35904,128,128,128,true
baseline_common8,2,where_positional,16,10045.410,5224,16,16,16,true
baseline_common8,2,array_named,256,14975,22776,256,256,256,true
baseline_common8,2,quoted_and_comments,2,1754.736,1192,2,2,2,true
baseline_common8,2,join_mybatis,4,6890.625,5704,4,4,4,true
baseline_common8,2,where_named,16,11442.139,7960,16,16,16,true
baseline_common8,2,deep_unary,256,55075,33048,1,1,1,true
baseline_common8,2,json_operator,1,1789.600,1128,1,1,1,true
baseline_common8,2,jdbc_escape,1,2005.078,1176,1,1,1,true
baseline_common8,2,array_named,4096,263200,395776,4096,4096,4096,true
baseline_common8,2,array_mybatis,1024,2549762.500,27681464,1024,1024,1024,true
baseline_common8,2,array_positional,1024,10350,6712,1024,0,0,false
baseline_common8,2,array_mybatis,256,211787.500,1777512,256,256,256,true
baseline_common8,2,array_mybatis,8192,150696550,1814143228,8192,8192,8192,true
baseline_common8,2,bare_concat,4096,310150,43616,4096,1,1,false
baseline_common8,2,where_named,2,1965.479,1816,2,2,2,true
baseline_common8,2,geometric_cast,1,1516.895,792,1,1,1,true
baseline_common8,2,array_mybatis,4096,38323450,453545088,4096,4096,4096,true
baseline_common8,2,join_positional,4,5023.730,3824,4,4,4,true
baseline_common8,2,array_named,1024,61037.500,87088,1024,1024,1024,true
baseline_common8,2,array_positional,8192,75350,139940,8192,0,0,false
baseline_common8,2,where_mybatis,2,2690.625,2504,2,2,2,true
baseline_common8,2,bare_concat,1024,77112.500,11360,1024,1,1,false
baseline_common8,2,deep_unary,4096,849200,510648,1,1,1,true
baseline_common8,2,bare_concat,8192,616750,127628,8192,1,1,false
baseline_common8,2,no_parameters,0,1349.365,1248,0,0,0,true
baseline_common8,2,array_positional,4096,36450,25144,4096,0,0,false
baseline_common8,2,where_positional,2,1665.186,1456,2,2,2,true
baseline_common8,2,join_named,4,5371.826,3968,4,4,4,true
baseline_common8,2,array_positional,256,3487.500,2104,256,0,0,false
baseline_common8,2,json_constructor,1,1529.443,1136,1,0,0,false
baseline_common8,2,cached_positional_same,2,13.452,0,2,2,2,true
baseline_common8,2,cached_positional_equal,2,16.827,0,2,2,2,true
baseline_common8,2,cached_named_same,2,12.853,0,2,2,2,true
baseline_common8,2,cached_named_equal,2,17.612,0,2,2,2,true
baseline_common8,3,deep_unary,256,56828.125,33048,1,1,1,true
baseline_common8,3,array_named,4096,258650,395776,4096,4096,4096,true
baseline_common8,3,quoted_and_comments,2,1705.273,1192,2,2,2,true
baseline_common8,3,array_named,1024,58487.500,87088,1024,1024,1024,true
baseline_common8,3,geometric_cast,1,1611.670,792,1,1,1,true
baseline_common8,3,where_positional,128,76754.346,35904,128,128,128,true
baseline_common8,3,array_named,256,14487.500,22776,256,256,256,true
baseline_common8,3,array_mybatis,1024,2778425,27681512,1024,1024,1024,true
baseline_common8,3,no_parameters,0,1229.004,1248,0,0,0,true
baseline_common8,3,json_operator,1,1578.857,1128,1,1,1,true
baseline_common8,3,where_mybatis,16,15349.512,15040,16,16,16,true
baseline_common8,3,array_positional,256,2734.375,2104,256,0,0,false
baseline_common8,3,array_mybatis,256,210500,1777560,256,256,256,true
baseline_common8,3,deep_unary,4096,864300,510648,1,1,1,true
baseline_common8,3,where_positional,16,9716.309,5224,16,16,16,true
baseline_common8,3,bare_concat,256,23175,3296,256,1,1,false
baseline_common8,3,json_constructor,1,1668.164,1136,1,0,0,false
baseline_common8,3,where_named,16,10951.221,7960,16,16,16,true
baseline_common8,3,array_mybatis,4096,39326200,453545136,4096,4096,4096,true
baseline_common8,3,array_positional,8192,82400,139940,8192,0,0,false
baseline_common8,3,bare_concat,1024,77000,11360,1024,1,1,false
baseline_common8,3,where_named,2,1923.730,1816,2,2,2,true
baseline_common8,3,join_positional,4,4972.803,3824,4,4,4,true
baseline_common8,3,deep_unary,8192,1715900,1061092,1,1,1,true
baseline_common8,3,deep_unary,1024,217725,130621,1,1,1,true
baseline_common8,3,array_named,8192,549750,863844,8192,8192,8192,true
baseline_common8,3,array_positional,1024,10150,6712,1024,0,0,false
baseline_common8,3,join_mybatis,4,6532.373,5896,4,4,4,true
baseline_common8,3,bare_concat,4096,323150,43616,4096,1,1,false
baseline_common8,3,join_named,4,5290.479,3968,4,4,4,true
baseline_common8,3,where_positional,2,1679.053,1456,2,2,2,true
baseline_common8,3,jdbc_escape,1,2016.650,1176,1,1,1,true
baseline_common8,3,array_positional,4096,37900,25144,4096,0,0,false
baseline_common8,3,bare_concat,8192,616750,127628,8192,1,1,false
baseline_common8,3,where_mybatis,2,2514.600,2600,2,2,2,true
baseline_common8,3,array_mybatis,8192,167433200,1814143276,8192,8192,8192,true
baseline_common8,3,cached_positional_same,2,13.473,0,2,2,2,true
baseline_common8,3,cached_positional_equal,2,17.873,0,2,2,2,true
baseline_common8,3,cached_named_same,2,13.169,0,2,2,2,true
baseline_common8,3,cached_named_equal,2,17.568,0,2,2,2,true
